Depot_ID,Day_Index,Volume_oz
36,1,109.73970036412696
34,1,85.4137845301028
4,1,164.45981825434214
4,1,168.48528437324805
23,1,153.73620356542088
3,1,153.19172055618455
10,1,145.472813453191
21,1,141.06696643774717
20,1,107.11870423491791
8,1,163.74217733388136
8,1,167.47327922401263
5,1,171.02142919229746
14,1,153.91133430197493
30,2,116.46247559685516
7,2,133.8841208923742
27,2,65.43695324869006
6,2,148.87017332034827
6,2,151.62726728878613
2,2,148.002135295603
22,2,144.3018694282553
10,2,125.10275173966254
18,2,138.21283753722253
20,2,122.7278938079324
8,2,146.23847392762494
7,3,114.27424762795908
31,3,111.19937118996972
23,3,133.4564362835212
3,3,133.95634874326282
3,3,144.4515477895584
16,3,136.81745305436974
37,3,136.85312569697032
18,3,124.02115259097184
7,4,151.8513322826823
4,4,151.63841307520113
4,4,145.43016342019152
6,4,155.70457481218804
2,4,129.1389901552866
2,4,132.957923428914
17,4,105.10489850740711
37,4,110.41200492298536
10,4,158.1020406353343
9,4,143.53165563345655
9,4,151.3016479368312
21,4,118.78402472455238
5,4,150.2633994480005
19,4,157.3553073033381
36,5,64.71650178634933
4,5,170.1562270506935
6,5,150.64047095321686
3,5,150.9280352906214
2,5,145.49103188092158
2,5,137.8653720535886
13,5,122.98798950597748
13,5,119.59508391410552
17,5,116.3706688364977
21,5,133.83325283385227
25,5,126.10544300855366
8,5,170.68496824692565
12,5,135.26489638736345
5,5,165.75398470083343
5,5,160.43699936433254
24,5,104.96952497220268
15,5,128.7208243526386
15,5,113.1260860814244
31,6,141.52408894753472
23,6,163.7057203154285
28,6,120.10512508767138
2,6,163.82231432442552
9,6,141.41020567478745
18,6,129.57717140529076
11,6,113.14583084048678
19,6,123.1594887549399
30,7,90.12398860585851
27,7,122.3734359639473
6,7,144.7213395520227
6,7,152.4269407455795
28,7,121.9851957129484
3,7,153.25397185632818
4,8,49.597065437552075
6,8,152.25549966080243
10,8,139.2801346223273
21,8,84.01230654048
8,8,136.03670298342075
11,8,168.33844691881427
5,8,167.01428161201162
5,8,156.66644775485847
24,8,123.78620038889862
19,8,132.32516010024642
7,9,148.24335443764198
2,9,152.0656147993767
22,9,141.20918799984136
9,9,143.26257380232283
32,9,149.89914091767247
21,9,110.79476936732812
7,10,138.6136320930584
4,10,151.9306794322898
31,10,112.04962428733748
6,10,153.26337281415817
33,10,88.25094817814578
18,10,154.07835416326574
15,10,140.16015693641785
4,11,149.36394496474867
29,11,96.52231851151564
3,11,121.29235117417792
3,11,151.19254358741304
3,11,50.593145311689455
2,11,166.72320465492186
2,11,169.38273899770476
17,11,114.56791792662712
9,11,116.4323118340036
20,11,125.46794189042312
8,11,158.6802672574695
11,11,134.01445311457047
5,11,145.8015577358303
24,11,110.43372186519352
6,12,152.19608796062266
23,12,167.0404429776748
29,12,86.94211699815199
2,12,134.38052909704132
2,12,133.56076000486476
35,12,128.86726003623167
17,12,142.96159281311412
16,12,149.33805487625824
16,12,116.371028872741
12,12,142.7085639159357
19,12,102.15131257436038
14,12,139.8235744268847
14,12,144.23389010929284
7,13,119.74864631827369
7,13,122.49643698280248
4,13,150.05346887476094
23,13,153.315195330004
3,13,171.37341884826333
17,13,134.6238612275472
37,13,117.2166360936852
9,13,140.15400759238565
8,13,149.0816415139848
8,13,150.85939392709835
5,13,151.5263492945031
15,13,163.5905687668553
34,14,104.56819366230316
4,14,165.3485884598615
31,14,115.24540486851576
3,14,153.53349398157758
2,14,135.13729424682427
13,14,152.29374019756193
16,14,153.9447113666375
10,14,123.0411735415806
9,14,134.0175886196817
20,14,111.44264188122274
8,14,149.62912631977198
5,14,162.66406642217635
14,14,157.1835828083269
7,15,145.20869310163224
7,15,50.26772246030313
7,15,143.7232542466429
4,15,149.29487325593814
28,15,148.0955553119956
3,15,157.86279174897842
35,15,100.0506785291957
9,15,146.70706470059687
5,15,160.22678829564722
15,15,152.12340194915208
36,16,113.02574510848508
7,16,128.03349865284844
4,16,170.24080854835688
3,16,170.60189966210203
2,16,129.75705540428152
13,16,150.76767915845826
16,16,161.8551837122835
22,16,163.23785996287546
9,16,139.86179377882883
21,16,105.1078786560016
12,16,125.10047108049434
5,16,163.228132143074
15,16,151.8868735172334
30,17,139.7122368814205
4,17,152.97628723837985
31,17,159.15602434798387
3,17,153.2154597838913
2,17,157.15906301327365
17,17,146.60338508738013
10,17,107.78565097441148
9,17,164.27867036610718
9,17,169.4133077985773
18,17,90.56543049224337
11,17,150.3190582314892
19,17,124.67650281752968
14,17,145.29308303417696
14,17,169.4164727385998
34,18,78.82521004195053
6,18,147.3488614228384
6,18,145.54414628598096
2,18,150.31448013675129
13,18,113.42002275553855
10,18,147.18149751679658
8,18,42.795554254615965
5,18,169.45662565581236
5,18,127.5845545597386
7,19,164.8947421535407
4,19,159.54925810006412
4,19,161.43415877991788
23,19,45.678597283433405
2,19,153.53147409178297
17,19,139.94320838867435
22,19,144.36761535608613
10,19,110.27727930509693
9,19,135.555082052437
32,19,103.37569908563368
25,19,124.006192700376
8,19,154.2929317400028
5,19,149.22807928381678
24,19,136.15287740233805
19,19,129.07211752384248
15,19,169.26139665531338
30,20,93.41801848155764
6,20,145.79735932222343
3,20,157.2755308145659
35,20,86.89255058905246
13,20,100.83492611473363
33,20,56.15830360681356
9,20,133.11709248462165
32,20,113.06803567301448
20,20,135.44450008281046
8,20,150.92317087322564
4,21,154.05293185805775
27,21,88.07731153914752
23,21,133.22964720357913
3,21,171.49964457131009
2,21,159.20403787375048
16,21,170.34955687763176
16,21,155.34552444951942
37,21,98.86416296650788
37,21,137.01260705060028
21,21,113.99603091237532
18,21,155.75011081553623
20,21,105.30666173556249
8,21,170.70717445253342
8,21,168.09028366402077
8,21,151.33346676208757
19,21,103.41696542775944
4,22,160.95021680097506
6,22,169.02700660360037
2,22,168.5121695574031
13,22,160.04418144860705
22,22,161.67832122422155
9,22,162.90040057783136
21,22,125.60682289974515
18,22,94.26473156930338
20,22,125.76556546122713
8,22,136.96147309874456
8,22,168.82119215783865
12,22,135.75917988790889
5,22,166.8034018403754
14,22,145.41529481312304
7,23,166.373780083083
4,23,157.84027196582812
4,23,157.54548884061597
6,23,169.20016025452696
13,23,145.77157917307997
16,23,163.5590063177311
10,23,134.35110259775078
9,23,131.60556164509188
5,23,152.63985470554607
7,24,158.1672978016441
4,24,153.3057192423379
31,24,72.57655944316856
31,24,101.31560695299412
6,24,121.74479956084151
23,24,143.41500749817146
2,24,129.04028845464532
9,24,164.07198367593486
5,24,156.4679405439738
19,24,99.9406807883286
15,24,141.72737849766378
4,25,141.5350566113959
29,25,114.81866946825204
3,25,143.04703874458036
13,25,122.16076495797736
9,25,142.57544963381372
18,25,140.45223028919287
20,25,105.8770819517678
11,25,91.46049168443686
11,25,163.4501734603375
6,26,167.78048393909063
3,26,150.62496753786223
22,26,130.0399872623099
9,26,166.3555858430611
25,26,137.69454561984475
5,26,143.26052230246373
6,27,159.13062157534202
23,27,167.57940361536615
28,27,122.8113287667612
3,27,140.97174911002563
2,27,135.36558103460922
17,27,145.4824730324824
16,27,160.85162238703057
33,27,91.6872197527453
9,27,147.69882960212536
18,27,147.13933110023953
12,27,155.50321782031733
5,27,150.00728694493785
15,27,126.29564756209872
15,27,164.63690750087304
7,28,130.67205279204308
7,28,140.24784226763347
23,28,140.22552524743202
29,28,130.3815503297423
3,28,143.7218640695691
3,28,168.1638175203302
2,28,125.43517591474787
22,28,130.35358538338696
10,28,120.14408264214192
8,28,142.93180465889267
19,28,140.92601844195363
36,29,135.56434756694208
23,29,143.85912029316134
23,29,143.0996826508296
23,29,144.61706242201288
28,29,117.67025219219396
3,29,103.131232770875
2,29,161.2757974714271
17,29,138.37865910308437
16,29,154.4551420319212
9,29,139.111500199428
9,29,151.63802844350917
21,29,139.07458700051754
18,29,92.20595332746429
5,29,160.97550294156648
5,29,162.26080894856835
7,30,161.79864655327057
7,30,150.5861590209879
6,30,143.158858845567
29,30,127.45522205968447
3,30,158.89084757110473
2,30,170.7069072427487
9,30,153.9395709891474
32,30,118.33150567196724
8,30,170.74394426329576
15,30,117.9034051894094
34,31,126.66351517196736
4,31,144.63565945380688
6,31,148.3737340436789
3,31,154.0830791340232
2,31,162.9902032024907
17,31,128.60947567515467
10,31,149.9120348169713
8,31,143.04665476954648
24,31,177.04690747854133
6,32,166.93405447766807
35,32,103.41929359799444
22,32,117.93478701441462
18,32,133.87118470964694
20,32,161.36828540339653
11,32,83.60981664712752
5,32,163.4021149609245
24,32,118.32909688357128
7,33,166.60442791154546
7,33,147.8231863133917
2,33,164.73861572399096
9,33,147.98962277616576
12,33,133.16988313722516
11,33,105.67272602399744
5,33,164.55213131411656
36,34,132.9754663461978
7,34,127.91284274538084
31,34,101.74236370155984
28,34,131.56327331687544
13,34,99.7380157514742
22,34,165.7923888222599
37,34,137.79026579676596
25,34,157.08880682025506
20,34,111.20925667873291
20,34,142.98964253617217
8,34,152.40847638809484
5,34,165.13628622254046
5,34,145.59371606507798
19,34,104.8124811260156
7,35,162.67555368231115
4,35,171.00185901152415
4,35,166.24737131177545
6,35,159.70313664369857
6,35,151.29632315094193
2,35,142.82512954440895
35,35,121.24518353343193
9,35,169.66145929257792
32,35,129.0747017115491
8,35,152.07940912771244
12,35,152.35993636109745
19,35,130.62371216492713
19,35,134.6681170513356
14,35,146.672815911073
7,36,144.36694184127566
7,36,132.10098943206248
31,36,150.02966265858495
2,36,155.7459150412013
13,36,116.0544684668018
10,36,146.0219626767227
32,36,135.03585081255395
21,36,122.03629691510676
8,36,145.0232041834499
5,36,169.13112548274898
5,36,153.02745037656237
19,36,127.70990772629384
15,36,133.92712563473896
36,37,82.59299668599714
7,37,172.08003191468612
4,37,144.940463419257
6,37,153.78778756592746
17,37,163.68726681469488
16,37,123.51076424402032
22,37,142.65875303816722
22,37,148.62151767646944
25,37,104.65223957088402
8,37,144.6828901909258
14,37,166.88398701772508
14,37,170.91745732151577
7,38,153.92248962533935
34,38,108.04899656594664
4,38,164.88134637796267
4,38,160.0010629529148
6,38,145.00502150096003
29,38,130.02814855592564
3,38,157.27875312872578
3,38,122.80483320584128
3,38,171.36517645423623
35,38,94.00526546399908
9,38,168.7969275599971
20,38,156.88253806168436
8,38,124.81701610144827
11,38,136.05519513478455
5,38,146.02578740331313
19,38,85.56181091368806
7,39,163.21102244127573
34,39,102.910875912065
27,39,79.32575446482227
28,39,134.30228049520218
2,39,171.39667618321835
2,39,129.35963631318208
2,39,161.38195914405787
13,39,124.74942690692376
17,39,136.22855446208166
22,39,134.54399872845266
33,39,65.86483668803865
10,39,143.4248028182834
25,39,107.58065940761512
8,39,111.5410227111432
5,39,149.20787515558357
7,40,146.36078111161717
4,40,171.01234452229676
31,40,153.7776129841191
6,40,156.13623194303318
3,40,151.63285156612338
13,40,97.36987302743312
17,40,163.3724606695385
16,40,141.1565885085374
37,40,108.35108025146268
9,40,150.82143548943395
9,40,137.6296623101999
20,40,125.94241023556874
11,40,88.98204944786225
5,40,143.86339141024374
15,40,128.74355889969405
4,41,160.90245587807368
29,41,172.0863223343881
3,41,169.82781553481527
3,41,167.83630824679398
2,41,166.91385059120844
16,41,171.731844229985
37,41,117.09770715133077
33,41,71.33962178390242
21,41,97.9338557294209
8,41,158.5828909903236
8,41,117.51989208903096
12,41,81.38595050995572
14,41,147.37850818034673
4,42,172.11828387944834
23,42,143.85656010318567
28,42,119.04285844731751
2,42,143.06933964283257
35,42,109.71500358617932
9,42,155.04729108871857
32,42,168.48191668501224
21,42,146.26206570456557
18,42,102.57725714430298
12,42,136.08148729956795
5,42,147.01250673310582
19,42,127.35891348822707
36,43,105.0164452503576
7,43,144.19126489952782
2,43,167.64986114133413
13,43,118.08843310144836
17,43,150.70221215792117
22,43,131.52150501315285
9,43,172.4915301985839
18,43,136.63988374854296
24,43,129.0437362702796
36,44,110.3659476395508
4,44,167.98942172032235
4,44,160.6852390335264
6,44,165.5696224554153
6,44,170.84297189647282
3,44,171.12153081776165
2,44,149.92044305229592
32,44,86.72824314511936
25,44,137.98228241812905
12,44,108.15603630675724
11,44,90.468221443936
19,44,122.20342671188436
4,45,161.04384721373688
6,45,159.05720516323456
28,45,136.3323196069793
29,45,146.29509736391373
13,45,83.44885462656435
17,45,126.19205178628329
33,45,135.52752459459603
9,45,123.44681880521098
5,45,168.0654450095562
7,46,153.0176267641979
31,46,99.77102206119196
2,46,116.4129140343792
9,46,168.79960807975033
32,46,133.94900165548725
21,46,129.75949769950157
20,46,159.4015281032735
20,46,128.07270111450595
20,46,128.25291986171328
8,46,125.55528102968002
11,46,134.31433876392495
5,46,143.36348028940017
19,46,82.76956014992528
15,46,154.60448598637188
30,47,112.69148698393325
7,47,153.12592576427969
7,47,152.947664010699
27,47,58.214029694036824
17,47,135.99879739035111
22,47,152.09063230315817
9,47,162.698515722931
18,47,146.76540865022548
3,48,152.36254830862524
3,48,134.786362754075
16,48,118.08391161790968
37,48,118.41615553360651
33,48,87.61766341992755
25,48,141.75571129586802
5,48,171.9009772585643
24,48,128.88216108848536
19,48,112.45415811614704
30,49,111.207695397916
4,49,146.34137516873318
23,49,147.95640253197433
3,49,116.15037965096018
2,49,131.397445390089
10,49,153.7846355553803
10,49,148.2686705642601
8,49,147.05708080536883
8,49,146.6648151794823
12,49,116.73073239348469
11,49,98.06001160797048
5,49,143.72605848799435
5,49,147.56805189216493
14,49,151.2452713792301
30,50,69.3357421084663
4,50,146.119076133018
6,50,141.08699562813928
6,50,157.6025181256457
23,50,145.16107601271167
3,50,146.82537563504928
2,50,156.32336304098175
10,50,161.33701168472723
9,50,153.42809583144225
9,50,168.7073587232033
32,50,102.15602794281064
15,50,157.68094707460153
7,51,153.79405950242275
7,51,152.9701516000477
3,51,148.87260591655664
3,51,133.396583754608
2,51,133.30912720050316
2,51,150.07310833032062
16,51,147.09033242070677
9,51,149.50867750091243
9,51,155.44821030452275
18,51,103.84230668550738
25,51,85.89207634448472
8,51,150.8063294444161
11,51,130.38896822712124
14,51,166.68603839379182
7,52,152.16237496749534
34,52,104.805627699795
4,52,145.71516034019328
4,52,152.32492056533744
23,52,138.83691837816684
2,52,160.1319371578351
17,52,118.44410176394348
22,52,160.33838364653982
10,52,149.77411510904187
18,52,108.18521476559884
8,52,155.92237100470362
8,52,140.54931499130234
14,52,153.8185248931387
7,53,132.15675263083972
34,53,88.6146980867182
6,53,154.83243451602172
23,53,162.87306957433466
28,53,142.40101420211744
13,53,116.7595172883202
10,53,158.6131962545564
32,53,85.80828208556348
5,53,153.39246889195903
24,53,137.79808146847563
19,53,139.24333215471137
14,53,126.34015351149772
3,54,149.61680375207982
2,54,161.10050515719627
2,54,145.5534741786121
13,54,128.415686573516
22,54,144.85286856630646
18,54,103.3473977321724
12,54,117.83775757549024
5,54,172.0954574637894
24,54,118.19436793812068
27,55,64.14860751995344
6,55,134.6164239150461
3,55,120.69472679197337
13,55,110.98089998088795
17,55,121.4860621009906
17,55,139.13629378960567
16,55,147.70120785884262
16,55,151.88669639160156
25,55,110.4211311939796
20,55,143.26859793001475
20,55,140.91631253503854
19,55,86.55778872225662
30,56,102.5279291045723
7,56,159.2028867904179
7,56,159.64838068409696
9,56,133.26747764169775
21,56,159.0512490670209
21,56,145.7700354896241
8,56,161.909059411342
5,56,150.8993728098085
15,56,170.38127967382755
36,57,97.9679983980149
7,57,128.94550450998932
4,57,139.19720766381528
6,57,165.5847879957581
6,57,137.01450427593102
23,57,135.59384833239358
3,57,127.3468897282434
2,57,87.19657081271457
37,57,104.918768197597
18,57,73.94704126589458
15,57,129.43795525858533
14,57,144.21322283256893
34,58,82.08086913824802
3,58,165.2950672752583
2,58,103.17950586705425
17,58,90.77417219610514
22,58,103.88721023812792
9,58,99.8886055069982
21,58,98.31264948692986
21,58,88.62023619566915
20,58,73.37419418229105
11,58,78.09395979723084
19,58,78.29822110103423
14,58,144.7732769813392
7,59,95.03904726352114
7,59,164.42602425610932
4,59,171.45080731999536
31,59,76.96809506282214
6,59,128.61642083173274
6,59,133.29765841806082
28,59,99.35561370544096
2,59,166.35801935579667
16,59,164.73361947870177
16,59,116.2494484819134
25,59,116.73612285488132
5,59,128.08026874181735
7,60,139.3096068397478
7,60,138.91404331585622
6,60,146.72362690116097
28,60,96.61820211574368
35,60,159.4157983301017
22,60,93.6222375197582
10,60,158.93527731217213
10,60,112.34367474075135
12,60,118.55960301050888
19,60,69.86651240898941
14,60,102.28069810085076
3,61,125.5745949681494
22,61,105.3348236503818
37,61,91.28058591601572
33,61,55.78973999002859
33,61,162.83433209286684
21,61,84.76036841215718
20,61,119.89116633480984
8,61,169.48723719823704
12,61,105.9692248034321
4,62,109.46635623649358
4,62,168.80296910285247
6,62,159.59669054613948
2,62,105.60807854600004
35,62,75.83643896441313
13,62,74.62007037298862
9,62,120.6953196695006
9,62,156.1973656825013
9,62,48.33065480335662
32,62,67.61383314495046
18,62,108.60682620666526
8,62,117.55946276847013
8,62,152.25410890015786
12,62,118.64013878905148
5,62,152.3778864752093
5,62,151.17339127678184
4,63,163.39051718708015
4,63,154.49925685397628
3,63,128.52890601878332
2,63,152.76245246147724
2,63,137.47374895628627
35,63,111.4506159342858
9,63,140.10617575905604
20,63,119.6843994196281
20,63,99.01381742557136
12,63,116.15996376724166
5,63,166.4188609733866
5,63,146.9975228204632
15,63,144.93431713253037
4,64,109.2491975239892
4,64,137.19807833691632
4,64,154.56729700366856
22,64,137.64907327424154
37,64,75.4435818716282
9,64,130.50799932406505
8,64,105.36034945203214
19,64,130.54695543747147
7,65,123.6910600527268
27,65,70.7846741071041
6,65,148.04787230681765
6,65,145.3061326887498
6,65,92.110352531051
6,65,134.9534623102954
23,65,138.42161010996696
17,65,113.7179386618226
9,65,142.0947705300739
8,65,100.54524249486047
5,65,161.58681737221644
36,66,95.02036804308524
2,66,82.86887683157902
9,66,114.77641340926918
9,66,102.001554773464
9,66,149.43849196256048
8,66,120.2954146605776
5,66,159.7886508050044
5,66,160.70145139148565
14,66,157.08179808612692
36,67,102.56745768245578
7,67,111.64826916419408
28,67,69.73167406046689
29,67,128.73878908781845
3,67,129.38329688449713
13,67,63.18261555050971
16,67,133.75971899687988
33,67,56.15233185050037
10,67,99.9846508515561
21,67,101.3346775669528
11,67,96.15090944504068
11,67,172.13845690653832
5,67,148.53069058951422
4,68,132.4437052017061
2,68,114.23969180970737
22,68,97.65149267431184
37,68,110.78897874470532
21,68,97.56777219139131
8,68,107.56950930623331
7,69,104.41655667732944
7,69,145.35347843864866
27,69,52.48367772739479
3,69,171.33210952408362
35,69,63.242100187698696
33,69,60.61385114142867
21,69,121.9556270556103
18,69,67.9250237699478
18,69,119.97766002446916
11,69,77.31102824825265
14,69,151.8767336765133
7,70,171.36029644154246
23,70,113.0241876667031
29,70,81.79944518507698
13,70,108.21080598805362
37,70,65.6518584321788
9,70,134.20906602569025
32,70,96.95551989071473
8,70,129.64201239233242
11,70,57.85411943399011
11,70,75.63453950808614
5,70,142.62946398125965
15,70,132.83281768040308
14,70,83.1519408298571
4,71,147.95784391485813
4,71,166.25476080814644
4,71,170.88346386400897
6,71,106.30961871345312
3,71,76.63403795816895
3,71,104.4162687700646
2,71,47.469512423948224
22,71,46.71686472244405
37,71,79.74939591834152
25,71,92.9942328359649
20,71,90.71370846252633
8,71,165.76582850085032
5,71,144.47125918285056
7,72,91.35903564014708
7,72,137.071827476547
4,72,143.3128797751045
27,72,99.79464672824228
27,72,48.54108581984573
31,72,102.75676360109932
6,72,158.6698905639189
22,72,121.91678672128964
10,72,72.82692915530373
18,72,83.52005565678823
12,72,94.869121406494
7,73,140.02436625232258
23,73,141.89772377662163
3,73,149.01062351520127
2,73,110.34857948231569
2,73,96.34870159134267
2,73,147.6644923120964
10,73,139.940753763611
9,73,127.22602742666608
21,73,84.39322115162418
8,73,136.52068713890503
36,74,106.12007021813216
31,74,95.80302068949491
6,74,123.84962195974995
6,74,146.38690243097855
23,74,115.97420191005634
28,74,105.30587228090752
25,74,87.0212831282291
8,74,100.60542788942318
8,74,136.08086562429096
5,74,167.02330685215324
19,74,85.65931355229519
15,74,112.96373196688988
30,75,107.33614243153292
34,75,69.51791260162477
6,75,110.44776786029314
6,75,153.890772245018
35,75,157.84633790263416
17,75,112.1683548942431
16,75,146.8969862471482
9,75,152.59759022538734
32,75,122.61317188013996
18,75,134.12280499191382
8,75,146.70339527299356
11,75,101.31616787318757
19,75,93.2311976281012
29,76,83.87240230237474
3,76,134.07340327317524
3,76,146.86220882982786
35,76,83.40367363220236
13,76,116.34324670798416
16,76,126.22103034204385
9,76,106.4706178690098
9,76,167.547907103979
5,76,119.82195095355236
5,76,142.6829911914288
14,76,107.4097328455566
13,77,86.20434263972268
17,77,105.97903067074692
22,77,121.91983926903416
9,77,129.2972042637279
9,77,150.7216566206162
32,77,97.26200368537408
24,77,135.73329961725307
24,77,145.25030209915755
14,77,79.28880016963127
7,78,106.09267594705892
28,78,72.50811329439088
3,78,147.76113835870348
2,78,112.37114975927216
2,78,166.74335015822126
2,78,130.93540878581047
16,78,135.40840708370365
22,78,138.34411828111635
8,78,148.6926381528181
15,78,122.65524850858108
7,79,140.8625962712619
23,79,124.90309526661694
29,79,87.38666551342213
3,79,146.44429870063118
3,79,80.39514857121118
13,79,73.06509381110334
16,79,107.70711731721047
21,79,51.68770524892072
18,79,74.87953709659159
25,79,102.6035989100796
8,79,158.38465017006504
11,79,148.7059449700267
14,79,131.52694732958915
2,80,118.04602648487324
17,80,101.03328250334472
16,80,129.14790338006526
9,80,130.90256877846883
21,80,91.5808843118
18,80,110.79193194722244
15,80,152.78283655285222
7,81,108.44239032964954
6,81,87.23545667863742
6,81,151.46070539756286
3,81,104.60317510380398
10,81,118.66852483688244
10,81,162.61023080239212
9,81,115.43587940778832
25,81,70.90633449575306
20,81,91.2916068304415
12,81,88.00903329317198
11,81,76.85273771297508
5,81,148.51338363260382
36,82,70.71226558939736
30,82,141.9473105848456
4,82,141.4745999406711
4,82,116.97335219754068
31,82,114.2010069600861
28,82,89.03588423232088
2,82,84.45813165589387
2,82,126.53958906846492
35,82,82.05152007487088
22,82,73.66957775049353
9,82,121.68197038401794
32,82,97.28899559841882
8,82,154.25299599494
8,82,146.2604049061064
12,82,117.86619495377826
5,82,160.2069200060726
34,83,56.54624518019739
4,83,172.13004023989942
6,83,138.080544524357
23,83,157.1827489092942
3,83,141.9343987891923
10,83,168.7105735000534
12,83,107.2693902926884
5,83,149.13628325458805
19,83,82.83641803364847
27,84,86.25707163956363
6,84,169.96464892764124
23,84,170.82178019059836
23,84,112.33822866338116
21,84,74.90663532980344
25,84,72.91921775584468
5,84,170.25744952246995
5,84,124.73502927941811
7,85,114.13587750778966
9,85,128.51560042571987
9,85,128.4796786557154
20,85,100.7249414999562
8,85,163.23323385105823
15,85,123.73028950731536
15,85,155.6291751684486
4,86,164.24300314586282
3,86,136.45224214168306
2,86,96.44862982424772
13,86,124.36055790840145
13,86,120.40608214289738
17,86,126.34067309944292
37,86,97.85812385573549
8,86,89.4723136917286
15,86,112.54904077551578
14,86,90.02722440480021
36,87,87.69976562758309
36,87,50.58088986510837
4,87,137.50731566785458
4,87,152.0625750879621
27,87,68.40761439814207
32,87,110.82554474310896
21,87,102.822778038821
8,87,116.94742331983312
11,87,105.3098655394433
5,87,160.9758956454691
19,87,90.77730178251534
30,88,87.99524491833239
7,88,92.03211874854202
6,88,161.3251638965511
29,88,108.4700387862727
29,88,145.6910227258661
3,88,127.9332174238742
2,88,151.27412992101637
2,88,109.15557278635684
16,88,105.43941807792676
22,88,161.28948243861254
9,88,104.88030450390902
21,88,91.0560507017884
8,88,133.56766736515652
5,88,149.67528751261497
4,89,151.3892436136797
6,89,113.67565035191404
23,89,152.05184250453672
3,89,83.92570337447216
2,89,152.4309189991189
2,89,110.59761930075702
13,89,106.80710420270336
16,89,130.98977734889107
10,89,104.55479142101208
9,89,143.76279568909084
9,89,158.30376073281707
18,89,115.05265053511268
20,89,102.58790138873614
5,89,153.13866472922328
5,89,149.2291504974385
7,90,170.8419606687423
4,90,140.49418789493646
6,90,147.81212744852257
6,90,94.79124913392415
6,90,128.4899916594224
17,90,64.73486053696489
16,90,121.23692442992672
22,90,95.4898827793426
8,90,141.5192596999302
8,90,134.51431834158194
12,90,100.3296443512386
24,90,129.530579725825
19,90,99.49126486522704
36,91,91.5579399431534
30,91,48.07842676563397
6,91,101.11957143732364
28,91,103.52606006456377
3,91,93.40369399637947
2,91,106.66101208377648
16,91,124.0512886897909
22,91,127.85313687335996
18,91,107.34029380087782
8,91,122.68385880223182
12,91,119.5166855612592
12,91,44.13506315705869
11,91,110.84830365986689
14,91,147.7168574765846
7,92,148.755054623238
35,92,90.5735559688514
22,92,169.1624423960693
37,92,124.80582701141655
33,92,125.0678808411962
9,92,110.26002123489648
25,92,81.1323462889149
20,92,117.1170574159349
5,92,149.21452844467868
5,92,145.37070974717304
19,92,112.15373713262936
15,92,139.68023916259767
3,93,138.48963359827044
13,93,111.88850899922777
21,93,115.50568210557314
8,93,148.18334145571689
11,93,84.91813955700471
5,93,133.35633246430368
4,94,144.93138647722944
4,94,147.69770623132243
6,94,114.0691219247604
23,94,92.18052841680417
3,94,105.83405131828246
17,94,113.31614556960989
9,94,122.73816001855732
21,94,124.94825215917896
21,94,45.88028287111974
8,94,155.23184841594755
12,94,102.8132097155338
5,94,120.93074261355284
7,95,147.22868661344785
4,95,151.5664542144677
6,95,130.5531096463487
2,95,127.10978272306735
16,95,143.48816306931718
25,95,103.63168438465765
8,95,138.66692834384568
7,96,137.63048633091068
4,96,165.08149918672922
27,96,64.33822692421124
6,96,142.8235625788394
6,96,115.95106979723298
2,96,113.55578336757956
17,96,125.87307658621576
22,96,168.92612277596783
10,96,105.25604358237388
9,96,140.5824575499428
8,96,167.27450251694287
7,97,134.6000348410542
7,97,116.58084462223506
27,97,105.2389691440672
31,97,111.00624637890871
28,97,94.97984995985226
13,97,90.78198905995438
10,97,96.44999270667395
9,97,113.68409159351832
9,97,139.40821896031665
8,97,162.92646786509647
11,97,69.67634820544033
5,97,143.70988022713485
15,97,130.64807318395677
15,97,166.374734469648
30,98,48.443597038205525
34,98,80.33609355826518
6,98,111.25663129571096
6,98,118.00582723763462
2,98,158.5185480974027
9,98,149.3751618629109
4,99,145.57529183972036
4,99,170.61685461709354
27,99,54.43323608023113
3,99,134.60641050624042
3,99,100.63938526536698
22,99,124.54108797786868
9,99,143.69849078834835
20,99,94.55403797324438
13,100,93.71101855856011
21,100,85.25412354282297
18,100,80.47779811822788
20,100,93.40071313252592
12,100,75.28355844678882
14,100,120.79995818345812
30,101,65.48096058441689
7,101,122.8639078358882
34,101,54.14130620044572
6,101,131.6949456555791
3,101,157.18004935121277
3,101,106.1291008444227
16,101,157.15929571213996
10,101,104.62475880997782
9,101,116.33706592288144
21,101,105.55656754907118
25,101,75.62060505160935
8,101,124.21482351109591
8,101,110.31359450931843
12,101,94.80693673175408
5,101,113.55745203218402
5,101,150.70879998844995
19,101,69.35578564473654
14,101,160.5328225821554
31,102,118.3127035078026
23,102,167.04430437758666
3,102,121.6663564558969
3,102,146.18138571334742
2,102,109.06814232369214
16,102,86.4481801936386
9,102,87.03299456477097
21,102,107.51820533026154
8,102,160.42230064172654
12,102,141.0308663425514
7,103,154.87768668007624
7,103,102.99454646169274
4,103,143.43402248653533
6,103,165.52725658706623
23,103,124.46520699031112
29,103,106.74034702266954
29,103,130.7678827416529
2,103,107.5808886310223
17,103,112.98006574873908
17,103,83.54892650749993
16,103,134.15300283220373
32,103,158.67431665543657
8,103,122.51359903268732
11,103,101.9211434200378
5,103,165.62765533932154
15,103,108.01607022248275
4,104,148.27615647059443
4,104,132.595303176325
23,104,132.30380422944597
28,104,67.8200163305191
13,104,80.05500555030828
13,104,90.40669847778544
22,104,90.24376056359148
9,104,146.72751721438308
18,104,122.09037884896756
18,104,109.58257656629934
4,105,120.4251523550504
27,105,52.05220149081801
2,105,150.56980213305292
22,105,110.49628216649153
22,105,131.12550642798925
22,105,103.05568999216972
9,105,94.45671632526742
8,105,148.53578388325064
8,105,104.6719958380285
8,105,144.06535331975658
11,105,114.48690808992646
14,105,134.51565787390155
31,106,52.48888153451355
29,106,142.24628566265216
29,106,127.94129467730068
2,106,126.283855160729
17,106,81.09675370029719
16,106,120.30318711008508
9,106,126.71100555950218
21,106,96.04143668588526
18,106,96.20994478786052
12,106,84.51624388110446
5,106,141.85395117074958
34,107,56.33822218130267
4,107,144.8573549146506
6,107,135.36464797879566
2,107,106.07211704083144
35,107,73.2527981129078
9,107,116.159587655239
8,107,101.63389941403466
5,107,124.97254336983808
19,107,68.92987234836086
30,108,69.5651206205453
7,108,122.2088908125782
34,108,102.93695574064724
4,108,131.3268813009209
28,108,63.391524750325694
28,108,105.3765954596675
35,108,60.82925954254469
13,108,105.78949010103705
17,108,114.41777274547452
5,108,156.9282418937633
7,109,123.21858313849678
23,109,127.73502093243934
37,109,82.54955255133503
10,109,100.58291224669372
9,109,150.03681931658895
18,109,98.47638148809077
8,109,150.9514865786676
15,109,143.27198737851768
6,110,151.1409998589418
3,110,151.94717474783727
3,110,123.81532901546512
10,110,105.53860602404411
32,110,55.75844737346715
15,110,120.15812389358815
36,111,108.88810493638364
30,111,66.91897588006427
7,111,118.6385397260673
6,111,83.62316062809195
6,111,126.8664569050496
23,111,147.23451160904975
3,111,90.63830921777758
13,111,101.44153433792712
37,111,104.96492052860128
20,111,120.28826003263354
5,111,150.6340800578365
5,111,160.45182756087473
5,111,123.47954881670944
24,111,145.29955673166629
7,112,147.81971789853387
4,112,172.39001748170224
6,112,101.84422732877276
23,112,144.45943065361192
3,112,140.64291147897043
13,112,126.7845153713269
17,112,93.74859556825584
22,112,134.20159654741408
21,112,104.39909616845895
8,112,153.43581597880348
8,112,155.26480003344224
11,112,50.768104849732765
5,112,168.54817516225145
15,112,119.19416341695394
7,113,120.72643272555278
27,113,88.97946943441877
23,113,78.80353872474622
29,113,100.49167698594005
3,113,142.1896012378881
3,113,124.09770401798608
2,113,120.14830370205917
35,113,51.886154191895905
16,113,93.80467417163074
22,113,127.51875091106852
9,113,150.57990327217203
9,113,116.43138543955828
20,113,128.02596907461506
15,113,159.433968224486
7,114,128.8560779098953
7,114,117.00835197937006
31,114,95.05524735659132
31,114,57.00841209679144
6,114,93.14615463668224
28,114,117.560508848369
2,114,95.7449627701669
21,114,97.30140516032505
20,114,144.92088311358086
11,114,92.6984802370352
24,114,75.36301467626184
19,114,80.54131130069601
14,114,95.92177393239716
4,115,145.31681549246812
4,115,132.94330308540384
32,115,66.2048206592106
8,115,118.79584996089096
19,115,86.97478268691846
6,116,146.4902860137816
2,116,140.19679487617728
13,116,71.67074883398824
33,116,81.17570027175469
10,116,106.33531389685764
9,116,132.2594636119032
9,116,109.2483576318081
9,116,112.99387560035755
18,116,130.87254286334584
30,117,87.3060237836835
4,117,122.1887034795609
28,117,94.555035614191
3,117,158.83528873355965
2,117,87.9644589268498
13,117,94.43441931922698
22,117,83.45373623114438
5,117,44.98842845328867
4,118,159.62405959088704
6,118,166.6701045885016
21,118,119.33056920212576
12,118,94.64449943668497
11,118,63.52870317826198
5,118,162.41413582865414
24,118,76.34199266207014
14,118,151.90749899313744
4,119,146.71157431218188
4,119,154.10918122447868
29,119,102.61567548700845
3,119,122.53264396171664
3,119,124.67785021704836
21,119,112.11711782928748
19,119,86.09287350075874
15,119,108.3462756149827
36,120,63.29596423347502
34,120,92.31704324056815
6,120,142.64819942803229
35,120,87.94158394788099
16,120,126.90959874480868
16,120,148.46398758217495
22,120,87.06400293735157
10,120,71.52399189006177
9,120,121.73202823408778
8,120,117.93251090636323
15,120,143.27912144184342
7,121,133.28555229605362
31,121,106.43708000797632
31,121,81.5166356189375
6,121,162.70297299974752
28,121,69.73716766613984
3,121,124.58400203618504
3,121,127.02107418490928
35,121,114.70024626258476
13,121,113.7108144944078
18,121,105.71297670018885
8,121,153.50745701581138
11,121,88.33168849994854
11,121,54.54680762736647
19,121,95.93495761831883
7,122,161.22944641612565
3,122,132.99413805271428
17,122,75.52187771309025
9,122,117.80060841632265
12,122,115.65005985790904
5,122,149.862075837783
4,123,160.8614624717022
4,123,161.0354172060364
6,123,145.72619233900826
29,123,82.67163424327413
3,123,106.1384981462679
2,123,137.89504512401496
2,123,158.63481137333685
17,123,110.77928835912098
16,123,135.179616116589
8,123,163.1858025309468
8,123,159.70228894342438
12,123,147.79835523596566
5,123,129.58422797195212
28,124,88.78244675335061
17,124,115.781967971551
10,124,130.95231388595747
9,124,98.7151099340402
20,124,78.05495889350138
5,124,142.31138745194326
5,124,154.624209649531
24,124,102.19052347594486
14,124,146.2541426565645
14,124,139.93323395664711
14,124,120.77881329878468
7,125,131.398240313899
7,125,121.21203340871568
23,125,119.22686961868789
2,125,140.1040899996158
9,125,112.10277410846788
18,125,93.01464363676384
8,125,123.88309611896966
5,125,166.73537825823774
7,126,101.18017841490804
6,126,136.86534605780986
6,126,128.94697699327804
23,126,116.52898107374776
29,126,75.89781105642024
2,126,135.08703315474295
33,126,87.92227408885208
10,126,85.66407351357405
8,126,141.60392924276317
12,126,93.65304275098434
5,126,137.41599693507806
7,127,156.40482131401714
7,127,125.92952709449432
4,127,154.46468342690702
9,127,148.4252217637058
12,127,94.28072566315063
5,127,159.90517107681995
15,127,103.1475450258266
4,128,148.2532339175946
27,128,96.73790263733802
6,128,135.23596733953607
13,128,106.9539638125556
17,128,87.20322416897521
17,128,115.90925287247958
5,128,164.04369228679482
19,128,132.17460130891956
36,129,120.93379800299974
7,129,95.15258474413288
34,129,77.1139192692962
4,129,150.3940456819257
4,129,150.20329703161522
6,129,155.26861843807876
28,129,96.14625705067026
3,129,116.97016725837938
3,129,125.31964533087336
2,129,157.26082327160853
37,129,85.67665140950241
9,129,75.53106820315297
32,129,83.181428096368
18,129,165.36303841215766
8,129,167.46348534969044
14,129,90.75050458520283
36,130,72.76649069008066
7,130,130.28667092968766
34,130,68.15700768995404
4,130,163.9845202266958
31,130,106.99226231488592
6,130,121.66948876951056
28,130,79.35165516952192
3,130,103.26727487529018
2,130,117.5161758255868
2,130,143.79075704320482
20,130,109.72339838027484
11,130,115.53525508309356
23,131,106.88993628860774
3,131,114.39692803182606
16,131,97.14329839083577
22,131,160.5483546043899
22,131,122.55557004054594
9,131,117.62262742353174
21,131,109.91975660475173
8,131,141.55490211463675
12,131,149.90999950754232
11,131,99.6149191950347
7,132,130.4811217736531
4,132,146.55895639152936
3,132,119.30778500533896
3,132,92.50667911444118
2,132,122.6914109108438
35,132,96.62669545635278
17,132,109.04981548431331
16,132,126.5368535634185
20,132,82.47281366249558
15,132,94.97018414776758
7,133,121.18683819900504
4,133,157.5512139666384
27,133,63.11779434219757
3,133,147.1908750818726
2,133,144.61954500425244
33,133,119.08108124729752
9,133,140.78652814292954
21,133,105.30626841476692
20,133,136.83647535630396
5,133,161.2157797402972
6,134,112.02406240326384
2,134,149.00219400272326
22,134,107.96883732487596
10,134,121.8137094387304
8,134,132.6559383183459
19,134,66.71720061054641
15,134,126.182407025745
36,135,59.68701133464771
31,135,125.58392002132892
23,135,143.99088142258586
3,135,124.01853962650276
3,135,120.2055317465129
2,135,129.4396879104782
13,135,87.81190906990858
22,135,102.49290199957146
9,135,137.7480589900198
18,135,78.14394452288727
12,135,132.46369875677934
11,135,57.377855202148865
5,135,163.3543366214278
7,136,104.66824701675966
27,136,49.41867324718743
3,136,147.1988025032197
13,136,59.285540207565795
22,136,112.054668913011
10,136,125.5722329369259
8,136,144.88258106966958
5,136,146.17325527205134
36,137,98.04935799344564
7,137,166.51069523467083
4,137,135.6958190710016
31,137,48.10142342600785
6,137,120.2921559513531
17,137,113.85049493951485
16,137,124.1531848060262
10,137,121.17397555957028
9,137,118.06248591014344
9,137,109.82865447222052
21,137,113.04072792005896
8,137,106.78499454150146
5,137,162.32937834811017
19,137,54.118391898493776
7,138,79.82257195538146
7,138,147.7590882707298
4,138,156.01112808774556
18,138,97.22643577788654
8,138,142.62604822753622
8,138,141.60732366703382
11,138,109.65489696591736
14,138,113.41222892173325
7,139,135.64353869840485
34,139,58.324899057581945
4,139,150.38415795452354
6,139,154.5302276897557
6,139,163.93604805793916
23,139,123.60417924308663
3,139,150.192966738029
2,139,134.75784131138226
2,139,153.74932970714252
2,139,136.41462798693215
33,139,67.65801659626393
9,139,120.26192038694724
20,139,138.8476531772214
11,139,74.63006124953985
14,139,167.61913057893273
4,140,163.7623409322893
3,140,130.8933095177321
3,140,135.89309765407765
22,140,138.07458666031312
8,140,121.34831028782482
15,140,165.96084263011156
7,141,125.78247103619113
7,141,153.30409222414556
31,141,97.27443630655
23,141,142.03582400627744
28,141,98.5258440545024
29,141,108.96454846422436
3,141,154.40944551222847
9,141,124.91761100693584
32,141,67.60655460019326
12,141,75.88897191196192
23,142,98.75832101969752
2,142,129.94503587545157
2,142,154.29632722015802
16,142,125.50981813941289
10,142,124.81688572999808
21,142,90.9223299141184
25,142,92.87284898836614
20,142,137.00652642469962
8,142,114.06762836643556
11,142,80.62261443369096
19,142,72.76488958093805
15,142,104.25989605501408
14,142,141.58857795375707
6,143,154.58940536295484
2,143,101.85064913458416
16,143,107.24799850670804
9,143,73.97488379511009
18,143,93.27201215289917
14,143,97.40700900449308
7,144,144.9603185782381
4,144,157.11185756456808
4,144,119.8279453344172
31,144,93.88440149289912
2,144,108.59763459938178
13,144,133.024688619064
37,144,86.9520222161893
9,144,122.46259872543634
5,144,167.17441690903084
5,144,125.04165274614186
19,144,88.3510575565729
14,144,168.36043446817868
30,145,96.53623002586362
30,145,80.38732287445887
4,145,151.8544839925578
6,145,135.40872667049035
6,145,43.70098215835569
3,145,112.66170496048852
35,145,90.85504571780704
13,145,88.91628923450025
17,145,89.87487820600113
21,145,63.59739973780988
21,145,85.58238691232592
5,145,123.344313815427
15,145,115.11926949852185
7,146,105.34969790531008
4,146,122.29488482189896
6,146,118.86429863866346
28,146,82.00804169614139
29,146,100.52985578570974
3,146,137.20777174679245
9,146,128.2394628424415
25,146,72.5117026553168
8,146,163.35105686575656
8,146,84.50878592910028
5,146,144.23341682989098
5,146,144.36875394390188
19,146,93.2273983960026
7,147,71.88981398034404
7,147,81.44782201471163
4,147,128.95465929076877
6,147,103.79082401376972
23,147,113.40818631393527
29,147,95.6135422544058
3,147,101.0829806806457
2,147,61.43531672285945
13,147,60.81279196578064
13,147,70.48892392417416
37,147,56.612653939404574
20,147,55.63970269506019
8,147,91.4031739543394
12,147,79.28052915972992
19,147,53.6521943823101
23,148,72.25532542238709
2,148,93.312780826085
17,148,90.08221802840065
22,148,102.5894860958537
18,148,68.80642383352281
20,148,96.91952544959815
5,148,135.37947182729988
5,148,126.34792762523752
4,149,131.56006503844523
4,149,111.14468235686252
27,149,55.51537111882989
3,149,153.92125803253435
2,149,119.2584985672666
22,149,88.66116458232001
32,149,48.597361986775034
18,149,63.988754707824256
12,149,75.45697385645575
5,149,124.07794064598102
14,149,95.40227355607476
6,150,56.11203905977728
6,150,120.91937798593636
2,150,174.90462535714727
17,150,124.51023656987412
16,150,48.48082580784244
9,150,57.23027295642627
9,150,79.46158059879276
9,150,89.13363420742643
8,150,94.51423830092746
8,150,85.62308103157785
11,150,57.07709060004773
14,150,100.80571901567669
7,151,97.50834673022986
7,151,106.44434011876244
4,151,129.8569390135162
6,151,78.29723742852201
28,151,53.63933584760061
29,151,93.68495911225205
3,151,80.40463669966674
17,151,126.35369769502584
16,151,94.86494034356878
16,151,107.13998867676187
33,151,75.30279276378151
9,151,81.32384062142698
19,151,54.381347060865416
15,151,116.15786006784784
3,152,104.78136288722196
3,152,129.4892116230024
2,152,111.06565947892284
5,152,84.43971222207925
7,153,117.5890833785601
4,153,115.67029642510778
6,153,73.89717947308996
23,153,111.266522117989
3,153,113.43714294907676
35,153,48.34792016045803
10,153,67.75465711040336
9,153,92.81588241104254
32,153,76.06123409197342
21,153,70.32681796226882
25,153,69.8600099853186
20,153,67.77087439169387
8,153,119.20881421047612
5,153,127.5187192571084
5,153,106.28197589385088
36,154,47.70944961030912
7,154,58.86041379655481
3,154,80.72744680419103
2,154,112.33826795109736
10,154,85.7752391371585
9,154,83.36194430515822
8,154,129.45602210051564
11,154,83.86013985087318
24,154,62.61528046715955
14,154,113.24024867653355
4,155,122.9373593959444
27,155,55.24633780637787
27,155,56.81605095376094
6,155,149.54246102676402
13,155,59.57939425279315
16,155,84.54187435035645
10,155,87.74803439660712
9,155,132.44253419280045
18,155,96.2162806400168
20,155,62.879983953869925
20,155,81.26003429939934
8,155,112.47243666483824
24,155,64.19575501727455
19,155,97.56480137907016
14,155,100.07901233244895
34,156,46.704644907250064
4,156,131.11723147619264
6,156,93.4531288840986
29,156,107.2022191293558
25,156,72.85381415082922
7,157,90.47325079926702
4,157,113.76527517402236
4,157,80.82868144770225
6,157,78.5163566740772
16,157,73.55282918698745
22,157,79.05298050876807
21,157,75.87731476546146
8,157,113.40862089366588
8,157,82.00673928472209
5,157,143.98209467794993
5,157,151.28379047181636
5,157,125.48735774864518
30,158,56.87388066497119
7,158,68.22238234525874
6,158,74.13176604734728
23,158,83.25742779079408
28,158,90.61925122396627
29,158,48.817287734545616
17,158,62.30606454955038
22,158,70.58487388455022
9,158,100.00318167342444
9,158,146.80781275758045
9,158,79.65838496788554
20,158,76.52364157355385
12,158,60.72745186315292
19,158,94.57129187552565
15,158,96.23487093808156
36,159,53.86291353979248
34,159,72.46131181759436
6,159,108.4059521431183
23,159,82.82334537961877
3,159,107.37572236803042
3,159,78.67295553829916
2,159,128.54916185657805
17,159,53.40347690458772
10,159,119.05478363232778
18,159,79.70106236732765
25,159,100.69859160381048
11,159,104.70709734898634
30,160,92.59495270512208
6,160,88.37126951694947
3,160,109.5390516702698
3,160,91.15056983129668
2,160,130.63965669920302
9,160,76.91216520748726
21,160,65.64034057270453
21,160,55.50070968699159
12,160,73.88207752531082
5,160,167.06370234446103
19,160,83.13474294791075
15,160,49.28815543601704
34,161,49.38024734615416
6,161,52.04123289061363
9,161,75.68070390363562
21,161,84.90062179401654
8,161,147.00444327073717
8,161,160.78985409000768
15,161,114.12159665866176
36,162,81.9416762876966
7,162,88.926740938327
6,162,99.18288746703068
33,162,67.72058376813632
8,162,57.13364840527388
19,162,47.85311354940239
7,163,124.21619557459456
23,163,138.35934223335545
29,163,69.4105969254007
22,163,80.91099442064956
10,163,106.92426613248148
9,163,91.53703553328798
20,163,100.39234431714232
8,163,101.49767395875648
11,163,118.36722735496473
5,163,169.0858734139522
5,163,81.23250012499712
19,163,51.18309530506848
14,163,92.9871822514841
7,164,101.5911317339548
7,164,108.28975974333753
6,164,102.76660380784084
28,164,55.97662536647905
3,164,87.2939698915218
2,164,87.09684189442123
13,164,96.21400048698251
17,164,71.83198843707312
22,164,53.29983787428131
22,164,79.82988982032356
18,164,91.3351291327512
20,164,86.28132341641117
11,164,79.03107903776471
14,164,90.92477077200058
36,165,82.42566790425474
7,165,113.298957404059
35,165,102.8991163436052
10,165,96.21864905010575
8,165,100.1332645505766
7,166,69.92026205409272
4,166,82.91320574258496
2,166,84.27156665851977
2,166,75.1490467503959
13,166,56.83113331343558
17,166,74.10959870295702
16,166,127.14195025698926
33,166,97.2109370603582
9,166,64.08112929435292
32,166,55.35651618080232
21,166,78.52771083906659
18,166,81.36789962388572
25,166,88.96712260014634
12,166,71.32206732905243
5,166,109.5333028887066
15,166,93.49143750226956
14,166,75.43816660145391
4,167,92.3238823759248
4,167,115.49724715205966
27,167,72.39393840565378
6,167,102.58211637219482
23,167,101.40820358647872
28,167,83.49875201933527
3,167,101.37498607493664
3,167,115.652762744962
2,167,87.55499889717649
2,167,86.48990945911474
2,167,85.10564507133493
10,167,74.71809551334904
8,167,72.4093941223171
12,167,64.30467546980334
5,167,101.62060395703416
7,168,93.3066181778071
4,168,84.34746608356818
2,168,68.5558966832411
2,168,97.06400876234856
17,168,170.9808998687244
16,168,79.71803789821737
9,168,108.72613936481528
9,168,47.218150371197694
32,168,52.08186886737892
11,168,60.534983912283394
7,169,62.19367398225493
6,169,87.56463804186674
6,169,109.43335321128976
23,169,78.60631406181167
3,169,68.90303397644448
16,169,84.36659055809784
22,169,82.42056813516845
32,169,91.1530366709926
11,169,75.55162378043597
5,169,121.76784860945686
2,170,104.0408012003361
25,170,56.69796324208068
8,170,105.93300752295733
12,170,92.18325172677736
5,170,140.22370025106684
34,171,65.0828795896729
29,171,96.09779705195072
17,171,58.560534727217195
9,171,53.24719504303004
18,171,56.84196030238963
20,171,54.13789686175589
8,171,101.7647531544416
8,171,105.88503738295609
8,171,96.47637841613002
12,171,62.72989135758952
11,171,56.498333456872714
19,171,53.47560188740525
30,172,53.55985860802856
7,172,65.35872973708278
6,172,134.2143437904481
13,172,58.06622414647912
10,172,83.74571308634576
21,172,84.61246952019155
20,172,85.5639307637499
8,172,117.93911439924668
12,172,54.041746014740745
15,172,136.64651018452693
7,173,75.15713754384336
27,173,70.63836226614661
6,173,93.55478713947562
3,173,112.16604879951574
3,173,91.94739050706735
35,173,52.13932486688336
33,173,57.40054414512455
14,173,106.51058795322568
30,174,62.94765481658542
7,174,84.05541184735922
4,174,150.57901273847818
4,174,125.68302661900712
6,174,173.61909779307527
23,174,131.27726882437676
35,174,48.64768871869217
8,174,109.13809830180388
5,174,93.45212368896706
19,174,52.49186415619299
7,175,140.55843887167296
29,175,102.1926341922901
2,175,80.28074608852269
2,175,96.8604215393772
9,175,62.01397734982724
8,175,100.18355939578905
8,175,82.3855436371756
11,175,162.27558490103144
4,176,135.3095408868541
6,176,126.7726389536013
23,176,89.73896452133417
3,176,77.26429855060356
2,176,94.1320199708858
13,176,54.86371439085115
9,176,85.53671805311295
8,176,107.56326325121924
12,176,49.513637821359744
11,176,69.40260273302854
31,177,68.6600977493363
6,177,90.05425800514962
6,177,46.925382391311
3,177,101.62711761400904
3,177,60.556012939691946
16,177,99.10608767625745
22,177,97.0051616554062
9,177,97.71275376132822
21,177,130.23467310953623
18,177,50.80215064871497
18,177,83.17321043615303
25,177,65.1680395529189
25,177,66.13172574909132
14,177,91.88331834785082
36,178,78.29017591640778
7,178,115.58986649605453
7,178,110.2969625660692
34,178,69.7148913839773
2,178,152.33488950138147
17,178,121.158334016005
22,178,143.54852162338298
10,178,68.79790858436533
5,178,133.64244822647996
15,178,99.36208202712125
7,179,119.8349458477033
4,179,143.76865575603392
6,179,108.46980092934037
23,179,102.58607170690443
23,179,117.62052915420978
3,179,95.1616103041338
3,179,131.4765068194827
33,179,53.84582417550303
9,179,52.8302886724614
8,179,102.5488995792174
4,180,110.08046419596909
6,180,96.9241210628703
6,180,93.77987729455792
2,180,118.50751347385234
17,180,130.403212375435
33,180,56.439897100078696
20,180,86.32813184075279
12,180,50.26904487377809
12,180,64.2375472505171
24,180,55.432613504382545
30,181,73.5368281059262
7,181,115.54097612385598
4,181,133.284733538784
31,181,74.03900285386737
3,181,109.50485515083936
2,181,132.47565873442235
21,181,112.22877546009072
21,181,101.4904316740808
8,181,60.81036205480886
5,181,127.81956861177515
5,181,140.9814632763347
19,181,57.31792680995855
36,182,50.643501131837475
7,182,121.36139490592949
34,182,56.402580530178014
6,182,52.90793754985545
6,182,110.99581561041468
3,182,95.21404953935536
3,182,61.28313076200524
17,182,84.0003349151592
9,182,104.17030003075014
9,182,56.08177053157164
20,182,105.24830250668768
12,182,86.11200848949565
11,182,59.6345135461993
5,182,85.00248402958397
19,182,75.56105375607495
14,182,101.81159350999066
7,183,91.63544901362312
7,183,100.87246242887169
2,183,92.78299368919814
13,183,66.23238201053104
33,183,57.18289252481727
10,183,64.57052591909972
9,183,109.98842537311523
32,183,49.23761593135744
8,183,100.59297903731924
8,183,122.35331910295795
8,183,114.92091096391356
4,184,106.30194200399994
6,184,68.3944019791496
23,184,97.08461359060146
23,184,142.12157817701302
2,184,103.799254286256
2,184,124.443956208638
35,184,74.10947154229731
13,184,64.92261882066124
17,184,96.0961688843023
22,184,88.84695937873902
9,184,110.56986251348688
18,184,81.8744350826412
19,184,82.25019350587681
19,184,50.75104015431698
28,185,82.4523650211999
29,185,100.52204392537097
3,185,82.73960945522084
21,185,114.21045309122331
21,185,69.67423903977881
20,185,52.05300751550314
8,185,124.76087962196937
12,185,109.31877179046448
11,185,50.55310676696732
24,185,56.05737258905786
4,186,102.69389063860264
3,186,109.10776127986828
3,186,110.16245287631564
9,186,105.2536111595494
18,186,70.063851416203
12,186,56.88304818448482
5,186,122.7895907105541
15,186,156.67233843846242
7,187,80.96297785992779
4,187,156.9735662881691
6,187,134.8322050237134
3,187,160.83405472296673
17,187,86.54288347718241
10,187,64.53449619327817
9,187,81.19866522764089
18,187,85.34453217762345
8,187,62.582942858516965
11,187,47.92024675171405
5,187,121.65144491602256
24,187,57.268003285106595
15,187,123.18246866176835
36,188,59.044621173341135
4,188,120.68065561057534
6,188,92.3028469268355
13,188,79.10294047849297
16,188,128.1383363091704
21,188,91.31954424763964
8,188,143.84795324939077
5,188,128.34056617214458
15,188,90.72562873996544
36,189,48.46534470195441
6,189,125.70587038321408
2,189,119.63205560158
16,189,97.99335391595848
9,189,103.00989934027638
5,189,133.40003043056106
4,190,148.33134646951402
4,190,109.0669560372342
6,190,81.2504342284933
6,190,111.86580815810272
3,190,74.40513729099482
17,190,73.83263565574383
37,190,50.43385874417677
8,190,145.8717467613976
8,190,95.7976224088093
12,190,52.18767965464506
5,190,121.39956969196842
14,190,92.5657715916944
7,191,80.1802039690165
7,191,77.60622343409972
6,191,110.9117165560664
2,191,85.96358106703114
2,191,116.13827395229112
35,191,60.95185623561491
16,191,112.47365799791582
10,191,88.29186451002182
19,191,50.14334439529354
7,192,88.71035063764646
17,192,68.89870173945495
37,192,96.58861306977168
9,192,120.9131962666744
32,192,63.877014866233736
18,192,127.9154720445498
20,192,88.59414973941918
5,192,121.20494068874204
4,193,135.4870439936289
3,193,84.32186804508522
2,193,82.5506938082929
13,193,105.92311200134414
17,193,76.90345256707523
16,193,81.69809291572068
10,193,82.55529121087531
10,193,70.82022097785726
20,193,51.93380014379188
11,193,76.757285847619
24,193,74.3989520383225
19,193,64.6187410975286
4,194,105.10950273309156
4,194,77.88698088385723
31,194,128.40011294026274
28,194,75.94253202758668
3,194,100.4690492409042
35,194,68.51012074172489
22,194,99.1679517821319
9,194,133.81296061022863
8,194,96.16418038937508
15,194,84.71593125861128
14,194,127.9997242547706
30,195,79.59938682456426
4,195,126.2903343107675
31,195,68.13759577530793
23,195,108.534353319
3,195,107.91564955966376
33,195,57.912254250686786
9,195,88.87275915423237
9,195,132.95989257774718
21,195,77.9158321846905
18,195,73.98106056170485
8,195,92.76900870012128
8,195,108.73318702016226
34,196,53.22048643369301
6,196,64.47662491128078
6,196,96.62390375267448
23,196,77.28648024795515
29,196,93.29657344575534
22,196,97.04591384175929
33,196,50.88860649338751
9,196,108.96002167573256
18,196,53.69298201187365
8,196,66.69817546508644
8,196,63.484680554979875
7,197,79.33434615525174
4,197,115.845242888348
6,197,118.09528547717686
3,197,98.51787296985836
3,197,73.56519440683508
9,197,71.2523786470274
11,197,69.03732215700687
5,197,111.67870808502602
24,197,51.11527856858657
19,197,82.45962847862312
15,197,87.61121887895834
14,197,93.00463003096812
7,198,106.32756304742044
4,198,150.27182578812747
31,198,68.57047092993282
3,198,86.37361103935342
17,198,118.25449428206085
16,198,95.65747451138738
8,198,72.61534112563503
7,199,66.95710965666946
4,199,96.2482083033596
6,199,83.49688040963618
13,199,80.55591528637137
37,199,62.27346565133559
33,199,51.1577153629293
9,199,77.18272840307937
9,199,125.00872874134733
8,199,109.13821042394274
11,199,107.74233890559648
11,199,83.48720865761108
15,199,102.05404892412122
14,199,108.16958014389051
7,200,77.95910542728193
34,200,49.1911956557427
27,200,61.110662309741016
23,200,139.0539699896122
9,200,113.94822271173086
21,200,54.28669956672565
8,200,113.47024378683489
12,200,89.49062603973833
5,200,136.63448450531726
5,200,116.64105797228017
5,200,147.26217136850968
14,200,98.16931150405034
7,201,81.89399047486104
31,201,78.11065536647264
3,201,62.72245146641259
2,201,94.41193223706188
37,201,88.05433057022759
10,201,97.67198810018444
20,201,110.31867289185222
20,201,95.72933923839038
8,201,133.79325750814274
19,201,56.52453307285842
19,201,47.61706610730904
7,202,77.90616340394782
6,202,48.80669960154989
2,202,90.2529456869145
2,202,82.20126972497495
9,202,71.2920382076604
18,202,108.44711206421096
5,202,98.10371148640384
5,202,152.8383375707063
24,202,76.28546061582009
4,203,140.02382940553647
6,203,89.78828815063248
23,203,64.47378726147804
23,203,83.66235421406546
2,203,129.38789440446538
13,203,71.7794264286555
22,203,83.19296484436136
10,203,52.296864815861205
8,203,75.12341732860546
5,203,139.7165583749008
5,203,83.71068443351146
19,203,72.17333146946272
15,203,107.76427390073316
7,204,102.64694241494516
3,204,112.4736867643176
3,204,78.8271027536344
3,204,122.31114430499606
2,204,125.7410738940286
16,204,74.4969850545297
21,204,67.55402855825406
18,204,53.95822386286484
5,204,108.83256034241406
5,204,112.35353192469697
19,204,54.38405018492136
15,204,74.22655109310763
30,205,64.49590168261085
7,205,113.45673015407546
7,205,96.03176992957998
23,205,117.32878012485156
10,205,86.97196143516936
9,205,116.3864815730046
9,205,108.29029124606112
25,205,53.5577924945269
6,206,94.23406135661924
13,206,103.73943233524555
17,206,46.2078604168722
16,206,66.1511678040308
22,206,89.38478064542093
33,206,61.703015437605046
32,206,46.24188083952182
20,206,65.95405308518168
8,206,87.89301793331829
15,206,72.89943408000764
14,206,79.02599092665895
7,207,85.9051313935894
31,207,99.96889711003293
6,207,127.23057804804569
6,207,111.45897657405531
3,207,107.34028031094708
2,207,92.6123566905364
8,207,122.9474939465888
5,207,110.86862076705992
4,208,118.84537933772356
6,208,130.39086626025917
29,208,72.7871844593459
16,208,139.51131640408326
18,208,49.04145043178487
12,208,57.11135485407593
11,208,50.38405437818746
5,208,94.1212575576658
14,208,109.3705670750764
7,209,107.34310330208088
4,209,105.78528236246405
27,209,72.12874711974733
31,209,89.87416390162856
3,209,119.9629480973348
3,209,78.35490262431635
2,209,57.16417385866407
13,209,50.20247692130783
37,209,107.07132746640752
9,209,133.7191857489825
25,209,65.85211157204738
8,209,96.11486315252638
14,209,141.65719953435655
7,210,99.1498429614426
4,210,141.32164576048817
23,210,103.9227963489731
16,210,112.97604829307215
18,210,70.25775659833764
20,210,115.25559532823854
8,210,99.22472493414902
5,210,115.48151322412446
14,210,132.36501090466894
4,211,122.069071684411
23,211,80.90917379037684
3,211,79.3676205708477
3,211,102.29410814761148
35,211,51.451377432643184
10,211,96.04553616900787
8,211,106.9294735313222
11,211,66.72842887719887
5,211,108.51494424704995
7,212,82.70697735980532
4,212,164.16429706367717
6,212,102.42373318524533
6,212,55.405097942748846
2,212,97.3153859684593
22,212,59.367678868731666
9,212,48.74820813966848
21,212,75.12517361022128
5,212,117.27114393424502
14,212,121.29448468266862
7,213,103.6471266053548
4,213,124.72344582003188
6,213,94.48393784905916
6,213,132.73794471737892
6,213,113.60918432067707
3,213,78.3195207042167
3,213,144.40342483082844
2,213,80.36484960841813
22,213,95.19787770969867
22,213,96.37981490635308
10,213,115.27955263552424
9,213,58.693308293570034
18,213,104.51712183436416
25,213,69.75422008265672
8,213,132.0632471346893
12,213,83.6724157211752
11,213,95.61089594810944
5,213,107.57440831314364
2,214,105.76193754974878
2,214,83.95836702572963
37,214,107.07968069702152
9,214,53.23528951455573
21,214,74.34215945363063
25,214,100.00684461647312
11,214,65.34354920615975
15,214,119.394539597945
14,214,123.15880664840124
36,215,80.14673258681543
7,215,98.50685878909324
34,215,71.99671891686648
4,215,87.25574806368697
3,215,102.7196707714528
3,215,79.0931337645062
13,215,50.493955883716815
17,215,103.6973593491508
33,215,86.74469420020249
9,215,123.60890764415434
5,215,119.05926456564804
4,216,106.9126225633592
17,216,114.18550685829528
10,216,93.79620074487208
21,216,62.265241098087245
19,216,57.33792006527074
4,217,105.1535988791738
29,217,123.2197346774169
2,217,76.02067863724983
2,217,108.8552329542911
35,217,74.21720808317373
13,217,99.07361475821632
10,217,92.01494250297957
10,217,87.77967535999865
32,217,86.12123095664029
21,217,78.79161823228137
20,217,75.5350360534809
19,217,68.68631428692488
15,217,64.7930915266705
15,217,77.04850667043169
7,218,126.72083227246682
7,218,98.07627247379595
4,218,98.00744366783049
6,218,114.33207369988934
6,218,89.66785791038727
3,218,87.29764220840484
2,218,98.28173895015212
2,218,116.26120016921
13,218,59.84513535325755
37,218,56.9768802596447
33,218,159.87030116289444
9,218,105.94759229870304
18,218,62.4905778553391
5,218,110.79333732560482
7,219,72.2948121553359
4,219,112.63178000700502
31,219,106.92043775995958
6,219,95.8504288059228
2,219,97.93287392102818
35,219,73.0400769230789
17,219,73.23570729104618
10,219,92.3489243436246
12,219,59.73401248665768
30,220,53.90476042175843
7,220,93.58915339092331
31,220,94.06411077698736
29,220,103.41280394696292
3,220,94.34305332102244
17,220,50.31004498908713
22,220,93.17998921361512
37,220,74.1631408362184
21,220,51.55102694527566
20,220,88.84246169446038
8,220,117.14937107616828
5,220,146.90072552568918
5,220,101.72633289665376
19,220,77.3579752378268
15,220,81.71818662685345
7,221,88.27282270890436
7,221,115.41810866953962
4,221,145.75808707220833
27,221,66.14309476418076
6,221,104.39254412067191
2,221,103.68510391669383
16,221,119.73680585289698
9,221,83.23856106358497
9,221,103.1372247925214
9,221,79.74409241790973
32,221,63.2652134221159
21,221,79.28602505449834
8,221,102.13220260681317
4,222,110.87271912026344
23,222,93.9799225918728
28,222,71.86065053317748
3,222,63.663314520713136
22,222,53.79557696891736
20,222,50.67586795261116
8,222,60.28039798871408
11,222,63.157748929781896
5,222,126.42493321587062
14,222,119.08949270712174
34,223,58.407080567538664
4,223,107.207760072555
27,223,105.46928511056898
6,223,84.33757292930157
23,223,122.6865845639727
3,223,113.9030545193372
3,223,81.32376844345482
22,223,77.38081443846066
33,223,73.20915557287891
9,223,82.91681551792682
8,223,103.51289825922146
7,224,90.8952826661213
6,224,61.843731465384934
6,224,99.01186367179322
6,224,106.05449781241224
2,224,112.48034865786644
13,224,86.77463474148125
17,224,131.6171242830481
9,224,173.37406896697718
9,224,115.93284844448736
18,224,85.37710511995536
20,224,116.65862495106204
11,224,140.67444005871084
5,224,102.81298161806994
7,225,74.98577009100664
6,225,94.94180568969324
28,225,113.10914803148624
29,225,114.17684485500692
2,225,70.82640012085413
2,225,100.8119580855981
10,225,64.61111937483852
9,225,66.83683884474405
9,225,74.33449679568015
25,225,73.12947320658482
12,225,77.09941868560844
16,226,100.75925754219055
22,226,71.92591494968147
11,226,51.10050465900978
5,226,121.78755736656665
5,226,157.51203437130602
7,227,82.14885120586953
27,227,82.3139149204602
23,227,115.58200668219334
3,227,82.25252860987878
2,227,110.25005865442786
2,227,128.40536852977263
17,227,52.222818041629814
22,227,106.00459106158571
10,227,160.16163738902026
9,227,85.60922032971747
25,227,81.77129920021123
5,227,94.615302634994
19,227,73.77080774650342
15,227,114.47258039453884
30,228,50.656273437633494
4,228,109.66247043826873
3,228,87.15260222073417
2,228,107.1557769360158
18,228,100.7282638110166
8,228,61.87038181650672
11,228,54.8859745813233
5,228,133.306472651604
5,228,145.69280116338084
15,228,52.370229337195624
4,229,92.69143586213283
4,229,122.37894513017228
4,229,140.86673879247556
27,229,88.7192413368973
29,229,73.7958231181306
3,229,117.0048934383042
16,229,72.35296116095991
22,229,82.47069316981812
21,229,65.04759414191743
18,229,88.83147751020385
20,229,86.03164403517779
8,229,102.71223985944144
8,229,51.79503860777942
36,230,55.82302514465733
36,230,106.96193821885572
4,230,96.32802016286148
6,230,97.4845114869298
6,230,104.62190495425232
23,230,117.08772090068788
10,230,82.40198850959163
9,230,104.07192091877111
21,230,57.13499240887588
20,230,74.68436343262533
14,230,104.48984772139823
7,231,108.95879619951576
7,231,74.77429126704222
4,231,116.32002946031584
6,231,97.08851252574284
23,231,156.3425669341975
3,231,139.15214820197286
2,231,98.25669393701315
5,231,121.26161469946116
15,231,111.53211163491316
23,232,113.82620137533792
3,232,106.20294077343372
13,232,70.59013114992095
17,232,71.88075746576729
17,232,51.480052929545025
22,232,57.35356350612793
9,232,97.28231616745084
9,232,95.7846164068574
9,232,102.40843623333096
21,232,67.4968483057538
12,232,130.8273291118846
5,232,95.78866982282292
15,232,84.27000790568955
34,233,52.23809828397946
31,233,71.95603539334958
31,233,66.18979655696866
6,233,78.59877897241418
2,233,104.85872388364884
10,233,108.01041441053972
9,233,121.75857203468036
9,233,85.35764416940583
21,233,89.86122627022955
20,233,86.42275960263049
12,233,59.98773613009907
28,234,81.1449356422128
28,234,48.969627095882096
29,234,76.64866381504602
3,234,85.14080491768142
2,234,67.67513600742802
13,234,81.47765422802796
17,234,75.89628240134361
16,234,127.52130324805285
37,234,59.78769615649371
9,234,52.946538505646984
20,234,89.38530432008923
12,234,51.15680748261371
19,234,55.31321855747304
6,235,95.34618322928058
3,235,52.19988268157937
16,235,142.45138376508112
21,235,83.70549239318926
8,235,95.55381131520534
15,235,89.4187975922764
6,236,113.3755080084404
3,236,79.28467226862321
2,236,116.50051994281064
22,236,99.9801740644304
10,236,98.2692828865018
8,236,114.62439597546164
8,236,112.13460647980438
5,236,111.59591179341518
14,236,115.08602266256662
7,237,80.22442111105464
4,237,122.5088612120285
4,237,119.61390542444508
6,237,133.24288296531955
3,237,63.68604355579631
16,237,69.41567116947071
10,237,81.63742293192219
18,237,97.28145636147174
11,237,95.39504022718994
7,238,116.22861978196364
3,238,115.79823204427926
3,238,109.95746773368896
35,238,101.14437322538504
16,238,116.78231298663697
16,238,150.4407570429197
22,238,82.61723904129039
11,238,78.19643641855221
19,238,70.53326669409698
34,239,76.43769996897417
27,239,50.095417831760905
31,239,86.09375771027797
6,239,109.11709766958926
3,239,102.45743737495285
17,239,113.07613871932008
25,239,75.25887349677619
12,239,90.453454411759
24,239,84.80963172762465
24,239,93.2686330911801
7,240,110.22486944519656
7,240,94.37245942457004
4,240,170.7266164211676
4,240,102.44944045738384
28,240,56.93701592820221
35,240,98.16310249242522
13,240,64.3606144903407
10,240,85.62325322447298
9,240,84.80188791618747
9,240,97.06445092291484
32,240,118.11713570469986
5,240,134.429190688979
14,240,96.27288629027582
14,240,99.2826708356802
34,241,51.07029343970012
4,241,148.5836298104901
6,241,123.80629885362642
3,241,61.05868423180494
2,241,81.14582908374162
9,241,83.55919744009421
18,241,76.7283568241864
20,241,69.65052018596734
8,241,144.92804162451125
5,241,111.54961896461612
19,241,61.92074389007461
15,241,71.99684556398871
4,242,119.52444264436689
27,242,73.0552685514972
3,242,106.07632150509744
2,242,83.92231548306479
13,242,85.03098843477653
17,242,79.90351529763365
25,242,91.42552833156788
20,242,87.67362776528114
20,242,107.82253504590214
8,242,86.2364549568972
8,242,110.6193263311464
11,242,98.80695928533666
36,243,54.06631073707876
30,243,49.415929457348255
7,243,86.19725984190902
4,243,146.46080215377305
6,243,124.9049571806306
23,243,89.20799482579773
28,243,158.36593230727107
2,243,73.67880115535094
16,243,80.48822947057592
32,243,86.78024156978915
8,243,110.2079695923402
30,244,51.44013025899625
4,244,96.44904946137892
2,244,105.27443631263904
2,244,89.25048093310035
2,244,112.0710272935103
13,244,71.45382192663055
37,244,98.00588098972734
21,244,75.17516747752883
5,244,120.60883075532747
14,244,61.489448925252425
7,245,126.0942214290158
7,245,87.17030678931636
6,245,123.48778429207448
29,245,165.2327538747531
32,245,70.33048841326446
24,245,77.18873153387618
19,245,55.08776253757325
36,246,62.79038795546949
27,246,51.694479939573135
3,246,109.51615671428912
35,246,84.40532209281274
13,246,114.72375816675684
8,246,94.91202104200136
8,246,77.77842928392246
12,246,105.87188487119028
5,246,113.67113254880344
7,247,89.6437589337691
4,247,60.76587902632595
4,247,81.68217869478724
27,247,56.8588514569952
23,247,103.08505319490402
23,247,89.03581694804139
33,247,55.85825927910516
10,247,76.23374943665962
25,247,151.94944731880307
19,247,64.0501994960492
19,247,62.29749768393107
14,247,106.68780455873392
30,248,86.21224120959693
7,248,128.22383073127352
2,248,114.71767143114882
16,248,101.30824814606244
22,248,86.55472401175679
33,248,57.230781629723324
9,248,79.29163554988578
9,248,64.8517986925655
8,248,69.00804969700984
12,248,109.68378616216648
5,248,168.1126383016567
5,248,163.44781561365323
5,248,81.13105681613642
6,249,130.74549279203757
2,249,79.55562197520685
13,249,73.72012743266102
21,249,69.35371483084904
20,249,112.26081614127486
12,249,83.18880367708714
36,250,79.90677583546622
4,250,131.89027354673138
3,250,99.36648662210206
2,250,65.05338484558486
2,250,108.58427634206488
8,250,103.32453749540126
8,250,105.12117456094347
8,250,109.15568750088345
11,250,90.14584545411564
24,250,51.59860159819764
15,250,93.90246071596344
14,250,83.25266580993663
14,250,126.08048171940014
7,251,135.92436277276593
7,251,60.539179024984094
6,251,97.55346554289837
23,251,69.87905621014305
28,251,126.9651272673579
3,251,99.86477854048805
2,251,122.3753753281531
2,251,138.53572534332093
17,251,78.7427637800176
22,251,139.44213154744898
22,251,45.41903920985337
10,251,78.8641013392926
10,251,50.15326137555467
9,251,84.4131513104844
18,251,103.15734279342148
25,251,82.27988275008474
5,251,102.94619887281554
5,251,96.5189196416438
15,251,79.61053491666316
15,251,106.4294270640518
7,252,98.89953353795136
7,252,92.19525858405407
23,252,57.28525468389141
3,252,115.13605771566154
3,252,113.87036902653168
2,252,93.252257669382
10,252,89.67801835951002
32,252,61.604818491276355
21,252,107.640463407898
8,252,128.5077216967302
8,252,107.5653727278163
15,252,94.90976430507229
34,253,76.46411730099788
6,253,162.6340213393532
6,253,88.11151114930557
16,253,130.05318574875326
9,253,136.23563718086376
21,253,116.25224214247532
18,253,98.14585380328404
8,253,72.19856223161406
12,253,53.1207279440257
5,253,131.86575550255122
7,254,131.61512773032672
34,254,48.30585657561156
4,254,78.5937136360975
6,254,123.77381370929557
3,254,118.86347643364842
17,254,83.25988456874374
22,254,110.63206548408856
37,254,58.46376809379253
9,254,111.39989473607538
9,254,74.09718665851229
18,254,76.72008835564587
12,254,54.53699779629051
15,254,117.77816297248172
4,255,107.9198509792564
4,255,105.99215272480711
6,255,110.62507501364028
23,255,105.63394776318394
28,255,78.8211494480078
3,255,110.0572522830712
35,255,86.42092942797545
17,255,95.95753756363789
18,255,72.23393256408565
8,255,120.56039994377434
5,255,139.88673007237097
19,255,50.42811624522203
30,256,53.21745983143749
7,256,92.35108677944746
7,256,155.3161506808154
29,256,78.38496986264241
2,256,115.19440412212298
13,256,63.17462627274017
10,256,77.87106850343636
9,256,71.38206919761483
9,256,103.15783998374314
32,256,59.03988324629189
21,256,68.78383728236238
25,256,93.11871321131392
25,256,54.24019919058792
20,256,113.69856507098842
8,256,108.5135796092828
12,256,68.11884264631247
11,256,72.25306044125614
5,256,125.2800250816331
19,256,123.34489481554408
36,257,57.83633955798176
23,257,110.21814422392696
2,257,91.91153091683748
2,257,137.61827148067013
17,257,58.44087933436128
10,257,73.70461905648898
9,257,100.47285079305829
8,257,85.41585632200375
7,258,97.4301695985021
4,258,102.33450978213632
6,258,124.17574068577066
2,258,49.50845818526986
5,258,112.82712278399724
5,258,134.60408715667978
5,258,124.8647348651302
14,258,100.9090052161205
30,259,51.23026093626073
7,259,88.86869568472326
4,259,126.03476656171156
4,259,104.91289986867989
4,259,79.47627877106443
3,259,109.3793355482343
3,259,102.00292770815383
2,259,116.34130673495824
33,259,52.3303969755889
10,259,97.11866524742034
20,259,49.2936468201221
8,259,64.20439031752193
12,259,51.476123785528706
11,259,57.77149053983239
5,259,86.19096908639195
19,259,51.72728636893932
4,260,115.1863261396963
28,260,43.4302525246866
17,260,85.96742140924546
16,260,88.69099376728047
37,260,48.42066986082475
37,260,75.50186571520028
18,260,71.32344860535194
20,260,177.2746572826967
12,260,57.01423220845565
5,260,103.38136730527287
7,261,56.16095633611691
4,261,140.30391898601098
2,261,93.52293882260948
16,261,95.1117783076976
9,261,115.86607865700452
8,261,157.9594257344724
19,261,89.10620370239891
15,261,98.38970460052818
7,262,115.521437359609
27,262,49.0482861259772
6,262,80.90620671123497
6,262,74.40594704326506
23,262,92.78975189851786
3,262,87.71830595796244
9,262,83.79234931173423
12,262,49.37881705501313
24,262,65.0108669093575
15,262,122.0401132398184
7,263,125.44632765676305
6,263,119.72010136457334
6,263,90.60931492199822
6,263,177.53721558760725
3,263,80.9943255465155
2,263,97.64052963862925
13,263,72.37681761500758
22,263,89.9798301075162
10,263,101.25093411448572
9,263,92.32997670237212
18,263,83.59300630218571
25,263,62.04140563396109
8,263,92.8428157610608
8,263,107.32846250568002
5,263,116.34008799470874
15,263,100.540928836289
14,263,80.05140171750783
28,264,94.6775734116987
2,264,75.48935789347082
2,264,114.99645361621606
35,264,71.6903918900467
32,264,84.70733129213282
32,264,71.9320512221847
18,264,82.12272227899555
8,264,76.36062892800001
19,264,53.87688246895935
14,264,134.2659100195822
7,265,84.09893581426992
6,265,91.28034726687328
9,265,79.33121559823077
21,265,104.75777005476724
5,265,113.70865976270044
14,265,72.32318500100024
34,266,47.64828569502328
17,266,53.364040152613
9,266,95.79431927146386
21,266,59.444324805015626
8,266,77.68851241686889
8,266,68.4372245673356
8,266,77.60342974254063
11,266,87.877435297765
5,266,116.44463423190764
5,266,105.97375814774368
5,266,124.36629727034266
19,266,57.65809044696211
14,266,93.58902188660402
7,267,114.95976031903132
6,267,92.4494564084419
3,267,136.9246346156536
3,267,120.22493839797538
33,267,51.21112938430128
33,267,56.315226062071225
9,267,107.92383839563348
9,267,103.8635654829472
32,267,58.950936281517386
21,267,56.45346089153169
18,267,61.2385312153384
20,267,77.23584120727091
20,267,104.91482077939509
20,267,83.74132374485151
15,267,96.65308097997227
15,267,93.53249594337188
7,268,72.82628801149522
6,268,113.65531530869085
6,268,115.74130112422012
23,268,96.10120267687564
3,268,97.84601478771408
2,268,85.95721140726396
17,268,76.48047435875706
17,268,67.55473855017104
8,268,96.43800244155834
5,268,118.75383509989489
7,269,87.84504079824278
35,269,62.27469945653076
13,269,70.32131002596162
18,269,63.24927717789229
5,269,110.03292110875908
19,269,101.80800767105984
14,269,107.5069060681422
4,270,106.76425561210436
6,270,112.1860380396498
23,270,126.64941985366193
2,270,87.17670590214155
13,270,70.30392919959223
16,270,102.1086590309969
10,270,98.72377960456012
12,270,83.95908977880941
12,270,105.08734681699984
11,270,70.10798363844863
14,270,92.14658164296776
36,271,57.02815017002506
34,271,59.49942259259208
4,271,77.96086494952701
6,271,93.3485503466534
28,271,106.34334410204131
2,271,58.44320309985819
2,271,136.9504045728554
22,271,74.127433741488
9,271,50.20700038115473
32,271,72.78937322565658
18,271,53.19381359294902
7,272,117.69360419530564
4,272,117.82638156886628
4,272,80.32486003995004
4,272,87.3385804886419
3,272,128.88917197852012
3,272,94.57654959075415
35,272,75.61223111532239
9,272,56.08816771168155
12,272,72.08051409769217
30,273,54.82401049058379
7,273,105.86534360648014
6,273,85.42998604589509
29,273,101.9683203739034
3,273,95.92371324153216
3,273,69.93424223311094
3,273,113.45931369063072
2,273,117.03540346081188
16,273,84.6847995484532
10,273,115.96681023982968
21,273,77.28915149232475
25,273,49.152844901429575
8,273,111.12175581516144
19,273,49.2925325573928
14,273,82.26532691767767
4,274,106.30293403723432
4,274,123.97091204998138
6,274,110.14780260883558
3,274,133.47392366877122
2,274,77.9555643553724
9,274,88.92922037175715
9,274,96.71134777209988
8,274,95.18854769875452
15,274,104.85194160369603
7,275,116.34416446808936
7,275,106.1375688634419
28,275,95.88505708252085
3,275,127.4514189436367
13,275,64.48911631033408
22,275,65.36951230616481
18,275,101.19314648737026
8,275,86.43126628369906
15,275,91.31060575537045
4,276,87.69231781098854
4,276,135.9040327260578
6,276,83.16698315344135
28,276,52.50112752076627
35,276,57.160759246959636
22,276,59.24755423297882
9,276,85.99183595542961
11,276,70.58515101454266
5,276,125.29937920300893
7,277,75.06934490222396
6,277,97.55823508545458
23,277,126.6754149037703
2,277,127.93168348046224
2,277,82.7446053900467
17,277,104.01494508467428
37,277,102.77382094186709
33,277,103.36101382864462
9,277,57.27873204999132
25,277,58.34039996791972
20,277,64.39620435141981
12,277,79.49314590948687
11,277,52.578050639587794
5,277,112.64092799617686
5,277,87.58187117017654
5,277,128.57509233713748
14,277,79.75520974950662
7,278,75.38402521591004
27,278,55.93326167787883
27,278,83.75511067396596
3,278,60.746849147715125
2,278,118.71100650969603
22,278,106.8364797261239
9,278,98.91897228839396
32,278,61.47771921557037
21,278,127.16232646710404
20,278,89.31662250893835
12,278,84.16455172147515
5,278,96.59317663628951
19,278,73.23032864196672
7,279,87.59757120356355
17,279,82.49400761990577
37,279,159.27260878742487
33,279,57.46028381297211
9,279,110.50230587407336
21,279,64.98097402622092
18,279,79.49195250095445
8,279,64.54325940599793
5,279,97.04251706144952
19,279,105.5953967718191
4,280,91.25463533506289
27,280,56.29148087719724
6,280,66.55436719609061
6,280,134.35537007193693
23,280,141.8059774002014
13,280,68.33413416406016
9,280,67.2769742232291
25,280,69.42960210500722
25,280,115.46702745686449
20,280,68.32324925878517
20,280,103.31634106635993
11,280,57.18065812050759
15,280,112.17704819485456
7,281,103.06264813916007
7,281,61.55776017390752
29,281,93.86348198870289
33,281,111.56384736834046
10,281,54.067294847216075
9,281,169.65487031940293
11,281,54.58765655229154
4,282,77.55725445768749
3,282,95.36470053018226
3,282,101.05992198490368
16,282,72.04465842696148
22,282,86.44900706340295
20,282,69.66656761171744
8,282,86.60869972833906
19,282,55.54494642431822
2,283,86.60928627766157
2,283,103.13706192406974
18,283,123.16210817177328
8,283,89.72540747869473
11,283,151.60006006399894
14,283,75.2160290141877
36,284,78.69300366618852
7,284,81.07963897971612
4,284,104.33756469598968
28,284,53.47155305990301
2,284,104.49431060317096
17,284,56.40409517219328
17,284,56.58228488700322
16,284,120.41474979870964
9,284,111.96412847614232
18,284,102.64340647155606
8,284,54.70553014181957
5,284,164.99933395356211
36,285,52.570596467387176
6,285,101.25378897500464
6,285,78.36778368408105
3,285,87.01183894717106
2,285,89.04306253149906
8,285,65.72795887418418
8,285,70.68483130689779
12,285,68.89307305089116
24,285,95.5070471559734
19,285,75.50639138404951
19,285,70.26660701900205
14,285,142.46113357232375
14,285,80.57416063021113
34,286,50.140619846937184
27,286,54.42358922461058
6,286,131.5373475477773
6,286,157.40457012161767
23,286,139.80838211171982
2,286,86.58132033459168
2,286,65.06036223659486
17,286,103.903287334442
9,286,56.95552165293389
9,286,94.62783762793391
21,286,53.44270073531166
18,286,109.753509105555
12,286,56.485222475094986
5,286,93.24908551705155
5,286,109.5085553355587
23,287,50.08445755686485
13,287,54.48948828487386
32,287,53.45303265927489
20,287,88.18772216566362
11,287,80.70090689015036
5,287,117.12181568886864
5,287,97.1644465053431
19,287,73.6136015870862
14,287,112.10204067652388
7,288,85.35324234886312
4,288,78.77758301900468
3,288,80.22335725869064
22,288,73.89371631825412
9,288,65.92902376870582
25,288,57.54591048086125
8,288,115.48144733842248
15,288,86.05203765828169
4,289,108.8655662576842
4,289,83.71046510511373
6,289,142.0680023195838
2,289,139.7785749689774
35,289,70.97804777443746
13,289,97.38142262152404
16,289,66.33361393533065
22,289,110.67626004877512
9,289,102.0789576197526
8,289,76.86020112447031
11,289,49.99008736109089
7,290,113.98834886459667
10,290,104.83260050064506
8,290,126.03471499261646
19,290,77.01537763495166
7,291,146.4024200948684
7,291,120.8664580689182
6,291,84.1462870654158
3,291,132.59778482106773
3,291,99.27095081243662
2,291,98.41313695595852
13,291,120.64653093061948
9,291,63.554912352585326
21,291,64.26052575119692
21,291,71.91274661281781
8,291,110.03771044201046
15,291,48.50140312101382
34,292,55.87119627830652
34,292,65.02496228243963
23,292,120.40713541233892
29,292,82.83888384100042
2,292,90.33852674679612
16,292,98.72265149832666
16,292,91.57506562571912
9,292,117.71605329071024
20,292,64.84725444739945
8,292,100.48126972309036
12,292,68.07297344448585
5,292,128.1952942756278
19,292,80.91782337188225
14,292,108.98836543381766
4,293,125.39685982415044
6,293,108.7050029372247
3,293,85.44528421241873
2,293,92.79212521110982
2,293,101.8815308336342
17,293,50.919052781054894
22,293,89.95832185615185
9,293,99.55731760565902
18,293,78.33805053909329
18,293,81.74791306483702
8,293,109.14567350510632
15,293,99.6332378739265
7,294,86.10220818800114
34,294,52.14365396983883
31,294,165.6379047902235
3,294,105.54221133828288
3,294,110.08119619278888
3,294,87.44145685123324
16,294,140.6388875504747
18,294,64.20228560950258
25,294,55.37558260269612
24,294,116.53697826820056
19,294,48.03347996988897
7,295,86.40480554209127
4,295,72.01875967762687
23,295,96.49050120685212
17,295,90.5226937729516
16,295,106.65239035182252
22,295,71.42399339805144
10,295,54.17760591603152
9,295,102.9526685272196
12,295,49.06206568686622
15,295,93.82306800350035
7,296,93.1539562426158
4,296,130.56010990628138
4,296,120.75169558666305
4,296,98.69168592828244
3,296,96.78141167227184
2,296,93.52736022681631
17,296,114.56232303259624
17,296,79.70944256323797
32,296,79.84877223992366
12,296,57.728093380921614
14,296,121.50250372249478
30,297,58.578899739090915
6,297,116.92319443272702
2,297,68.91711845135642
2,297,144.75346480968898
22,297,94.16701119228284
33,297,51.73335144153197
10,297,80.67758080937305
18,297,56.71307512212975
8,297,76.37037426956026
30,298,56.26832042099362
7,298,105.57723872688749
6,298,129.89242666882092
6,298,120.93269265004702
23,298,90.2054978717308
23,298,138.94083646284517
3,298,91.19650561482942
2,298,119.50715810363562
33,298,56.12996831358872
21,298,99.01758073422327
18,298,90.28586732011628
8,298,103.04680600320572
8,298,64.70438554606996
5,298,166.57920937058788
5,298,108.151522800386
24,298,109.44166232691188
36,299,65.99039157648559
36,299,48.50978106817761
2,299,118.6263844798167
22,299,48.1701653775121
9,299,61.79163887290716
32,299,101.49888307031696
20,299,56.879652314338934
8,299,97.02748921107846
8,299,128.35436142074516
12,299,55.66973907271836
11,299,66.93263477494038
5,299,132.44706191091885
15,299,138.54505529127633
34,300,100.9897525857128
4,300,132.11331559960232
4,300,128.50835392690882
31,300,82.45053138796301
6,300,110.73340296814958
29,300,124.77452034808393
13,300,55.48293197209186
37,300,58.95660027138365
9,300,93.04571875677972
25,300,57.17761465269562
8,300,85.02148225103441
5,300,129.57855976272248
36,301,85.26015486386322
4,301,152.77935439567565
27,301,83.97461111024606
6,301,150.04675464595
28,301,117.43504128963733
29,301,128.6667855114987
2,301,139.44670360981576
17,301,168.4397676557442
37,301,83.15149534386768
20,301,124.59728142366546
8,301,121.42200794518504
12,301,115.92300480356413
19,301,110.84474563766616
14,301,150.193891830503
30,302,109.7151443295931
7,302,154.94344902964758
4,302,166.61414671450424
4,302,146.61445464458228
6,302,149.19447272940764
23,302,143.354602964075
2,302,161.21995456586947
13,302,121.22356506715258
22,302,132.5299007656227
37,302,92.57292030236972
10,302,122.3911222806181
11,302,107.10116687898253
7,303,156.25294272394314
7,303,164.25018228897355
27,303,78.55042444768276
6,303,158.6406811609171
3,303,169.18557933131288
2,303,104.34989420565888
2,303,127.3369931980864
2,303,127.4567218147935
16,303,168.36608920974564
32,303,105.56368321721364
8,303,124.48184350560912
11,303,151.52546957417294
5,303,155.0582182475499
15,303,151.91626490167408
7,304,168.29384024434938
6,304,152.34699317035015
29,304,126.40882543400348
13,304,137.21415331557537
9,304,156.99542589941004
9,304,153.34211337201558
9,304,156.11969733599096
21,304,159.47691975683242
24,304,100.59894805696622
16,305,159.29836842902677
16,305,127.44217036686524
9,305,125.09870802687864
18,305,149.62865421452662
8,305,159.87943399985812
8,305,134.82601665747688
5,305,165.37340876024604
7,306,162.35001778887565
7,306,146.7367063011945
3,306,152.4324962376173
9,306,154.21202407148337
9,306,153.46031072719703
34,307,73.23941207388852
4,307,147.9851333960645
4,307,167.27132854681997
31,307,106.96262602395504
3,307,159.6378140981129
3,307,115.28889245224984
2,307,149.0612940097075
17,307,129.4272151584548
21,307,124.43428044574296
8,307,166.4319679004464
5,307,151.0712270298267
5,307,170.31371345593348
36,308,64.03645106797485
6,308,149.04622603656517
3,308,166.37779161430504
17,308,149.1151279030694
21,308,110.59315875067064
20,308,105.25449250784132
8,308,158.94751645715112
11,308,84.29145316642737
5,308,159.20354732784563
36,309,128.69083820533783
30,309,129.9272778757633
3,309,161.31986805272032
3,309,147.06145702273474
9,309,125.6316814444565
5,309,142.51960172283898
31,310,124.4640227443804
2,310,137.2432063972316
35,310,109.79686110993411
17,310,121.29923323473032
16,310,141.07014755070935
10,310,144.04110995264136
32,310,115.01668554022362
18,310,79.2645432851835
8,310,143.70177357152082
5,310,151.2438274048138
7,311,156.48898238819456
7,311,131.81313247483638
4,311,154.4359710905228
23,311,160.40732071639968
23,311,162.50758573105665
9,311,160.57954163775284
12,311,157.1179606230015
5,311,165.31726927365847
5,311,172.48673109751314
15,311,147.6212508993744
7,312,155.64535839745034
31,312,111.15422673931096
6,312,157.8174227237868
2,312,169.8181715164326
2,312,159.03479885749115
16,312,151.3417640781135
32,312,88.28826999731334
8,312,157.79562028651372
24,312,124.82746777689955
19,312,91.0702103823616
15,312,143.54734657968672
7,313,146.65181948274338
4,313,145.84778999871742
4,313,160.74958500023314
27,313,99.21913037169028
28,313,140.53734372116188
13,313,141.39792455270054
22,313,144.70790600228867
25,313,141.39295957409553
8,313,153.8925456875795
11,313,103.01523863851324
11,313,104.28602110390626
5,313,155.97116303790375
14,313,154.2628073071372
4,314,162.82179389666618
6,314,149.60799974719944
10,314,130.95595590309836
9,314,139.03911821211818
25,314,103.77752020201578
31,315,125.400939000446
6,315,167.30575682918257
6,315,149.53276800034544
3,315,176.0534862335623
3,315,144.4849556650332
13,315,123.36551709362556
16,315,141.62484129893
22,315,150.46489222287215
10,315,123.87167602091772
10,315,119.76738794552816
9,315,147.6055505864667
9,315,149.9456830354415
32,315,140.9957899606026
20,315,122.04561206529938
23,316,162.35144565105728
16,316,164.67200927818115
33,316,114.1179263334478
18,316,109.46526034816534
20,316,124.75946241155832
8,316,142.62111876404958
12,316,121.97634805948682
36,317,127.75186247850928
7,317,130.282919825652
6,317,163.68738487665786
3,317,142.5020298756204
2,317,132.15501817616666
17,317,144.86818208839665
20,317,161.1806862284939
12,317,155.7839440963121
5,317,150.94848126316893
5,317,171.4008096133811
7,318,141.85081965564737
7,318,157.8655158431031
4,318,167.5371537076688
4,318,170.56453540582487
4,318,147.38372967618687
27,318,121.95426995199018
2,318,140.07012063614974
9,318,137.24299380017618
21,318,143.13314456546695
11,318,113.53943243842288
7,319,149.89975847416218
7,319,159.83673338082264
4,319,156.628807573042
27,319,81.04334158160694
6,319,162.35740897911032
2,319,136.3087969363937
10,319,131.25424930662462
8,319,171.54229144352198
5,319,169.6307932498157
5,319,167.0222354191833
14,319,155.9014358177556
14,319,157.54553881050498
7,320,161.65389035886344
4,320,154.57218777897936
6,320,152.76322862590783
2,320,104.92867163483515
2,320,129.89926480721215
35,320,144.44478943970373
9,320,139.56439556064393
9,320,148.87341831586417
25,320,145.45122593275923
8,320,141.72604768865418
11,320,135.45873854677697
5,320,142.70633886658948
5,320,154.83592466647636
19,320,104.3864570619577
15,320,153.45953814249813
15,320,150.64899543823108
6,321,142.98696471583
3,321,158.44364742567916
17,321,148.66539213901277
21,321,110.8503513758508
18,321,131.442514876689
18,321,135.01286067543748
8,321,147.43216587236637
11,321,58.6060405101889
24,321,93.02182602114652
19,321,115.29905653214632
14,321,151.49826209331067
4,322,167.1294305189742
29,322,105.1314921343826
2,322,167.66850200313277
8,322,145.9974922366709
5,322,152.81873059673055
5,322,164.4900032166787
19,322,115.76376290740754
14,322,162.2109149470232
13,323,102.02418152230226
21,323,154.5398537257392
20,323,130.20970182440772
8,323,145.63363554300454
5,323,152.3038411757333
24,323,105.1068346463607
19,323,101.6103046574694
14,323,144.8361884349246
7,324,144.51702540271685
34,324,123.31036710989264
4,324,147.67571630839086
27,324,103.7066469977515
31,324,110.44592625002744
6,324,138.60848946406853
6,324,146.06127286527334
17,324,117.7153306892549
16,324,145.61165785247778
16,324,144.03201586850872
22,324,122.95565834891744
10,324,145.59795026625144
9,324,167.06220688452152
12,324,146.2434436396151
19,324,91.06993481570755
14,324,143.4733033814156
30,325,76.2235462896587
7,325,141.19748098627653
6,325,151.21172475773372
2,325,142.22486972577823
13,325,126.72916245723992
37,325,93.25006222866456
9,325,148.95718509880206
32,325,132.12561591763324
8,325,172.00701619540988
8,325,150.29012516851242
11,325,104.2937192230464
5,325,144.08295773578809
30,326,111.88186169284
7,326,50.16261249674076
7,326,159.1729433553418
4,326,153.02457328005045
27,326,85.00818170922769
31,326,93.34511676557597
3,326,145.0152605489918
3,326,140.98634828502202
2,326,165.02173432552271
35,326,149.93698979558516
22,326,129.34202802663302
33,326,107.8758334837925
9,326,142.23653101797152
21,326,147.44264532944044
21,326,140.43064334463045
11,326,115.59872659353498
15,326,152.34538448392834
7,327,138.8440831369749
7,327,133.66807103695024
23,327,149.37889273942395
2,327,158.44716458060194
13,327,122.31633383081356
10,327,129.75862682565872
9,327,145.58459820281615
9,327,153.37029443027163
8,327,143.69315210209697
5,327,170.47664635257934
5,327,143.47977182353486
15,327,147.33656435925366
36,328,127.35441455646092
4,328,162.35333197414914
6,328,170.65446474642462
23,328,154.94761440029166
23,328,142.5548012289181
3,328,152.13611635685228
2,328,144.5535135769805
10,328,171.63452722104856
18,328,100.97693856716327
8,328,124.8673382346321
36,329,84.49531478555538
7,329,103.11893320642838
27,329,75.76245973888128
6,329,167.31906449211738
6,329,127.94413628632408
23,329,154.59623268399756
2,329,114.73459839073982
17,329,144.54789401834668
16,329,139.6819519419577
9,329,145.27098299673648
20,329,145.5852137672777
8,329,146.56785685937197
12,329,119.190716750107
5,329,147.95336601652085
36,330,93.8093601442488
4,330,155.07548627706362
31,330,96.06804737130469
3,330,147.54610967299556
13,330,108.65973441779036
22,330,122.40159041217056
22,330,126.09027423569778
37,330,68.10297220539923
7,331,158.43882055052794
6,331,145.1046044312873
3,331,157.797766468708
3,331,147.60460578512468
3,331,153.1062863851935
17,331,113.8723872629164
16,331,126.16157658762816
9,331,169.08545316388037
9,331,170.5291234250247
32,331,147.98944153623663
8,331,154.59631899551468
11,331,117.6324979644912
14,331,150.38750657406783
30,332,104.242552469382
4,332,155.4390511902304
4,332,153.87121456149106
2,332,143.67808242724956
22,332,144.3961595543894
33,332,116.6935415318039
10,332,149.31332931324962
9,332,138.035482465285
9,332,146.78821172426996
18,332,162.91581654573025
8,332,146.57423675268578
12,332,146.4681915935463
15,332,150.03507802645203
6,333,162.96738444638063
2,333,153.12419731505045
35,333,127.60221393927904
33,333,102.44004197267358
25,333,157.7474341259717
11,333,90.06452298824567
5,333,152.87418295231274
19,333,131.69462295384167
7,334,150.41717236867717
7,334,150.47785351896357
4,334,160.60586419503363
31,334,108.25118658494064
6,334,146.11162736367265
3,334,166.66290129137937
2,334,158.21031442759292
2,334,160.72687448488293
9,334,137.2365151900924
11,334,93.7359196500542
15,334,140.41538748876545
23,335,158.8937562518437
2,335,170.6558935041939
35,335,115.98700046914168
13,335,103.70278435842324
37,335,111.60674191983853
21,335,82.13770658150251
18,335,111.42968389641769
5,335,147.30676802929517
19,335,120.04820330725092
7,336,142.99777441897794
6,336,145.5073669116863
23,336,162.3515604793187
28,336,148.24143974470658
3,336,171.7407178814565
16,336,143.21123260933555
20,336,154.29311722678202
8,336,141.12004466613885
8,336,167.54841617083213
11,336,135.51089319724218
5,336,153.87348641301747
5,336,145.02382986778147
24,336,103.99340942741183
15,336,146.29020036978022
27,337,92.65201371479311
6,337,170.2939139386855
35,337,116.22777968757192
10,337,135.60966550578823
12,337,110.8456845989866
11,337,139.62871348912918
30,338,47.61302536589022
4,338,151.69298468110114
2,338,141.6297006485465
2,338,159.9975717693767
18,338,143.70774009027696
25,338,121.02480151731052
20,338,148.3725238915682
5,338,159.7184959820703
19,338,102.7953103672516
30,339,97.87892211356252
34,339,97.15120823296478
4,339,158.82595987511107
23,339,153.7416591152213
17,339,116.28403464919636
10,339,131.8358079306433
32,339,99.13622315934585
8,339,154.43053243299164
19,339,140.12852479980282
14,339,144.0171931147269
4,340,170.41195260507973
23,340,156.00175918278674
3,340,111.0267902336107
22,340,141.28962118881978
10,340,138.15585932753726
9,340,155.01371296724793
9,340,156.86439447692015
21,340,149.3574827218318
20,340,143.80062142154017
11,340,120.86712401648856
5,340,168.62065366372315
7,341,134.0901516187196
7,341,151.10210697622776
31,341,117.10355697665184
6,341,157.2760614214287
3,341,152.53203536966248
3,341,165.30482789370475
17,341,147.66339131279364
22,341,158.398217607907
9,341,135.77609479592837
8,341,155.76321104039158
8,341,154.33716945956772
19,341,158.95530533619862
34,342,111.91532474944704
31,342,118.33085887905854
3,342,147.1169971408132
2,342,122.53022923823424
35,342,129.47655983260793
13,342,108.65122653255776
17,342,127.02349095179362
16,342,132.66022455832834
16,342,137.0122539653819
22,342,138.2757365936308
8,342,161.74513443768757
30,343,134.74002703742477
4,343,149.39981261889722
4,343,162.6715152987511
6,343,154.83911916198693
2,343,169.3706983279985
2,343,162.6927639273365
10,343,162.6260999480525
20,343,130.1430826783279
11,343,45.42558483853194
30,344,69.5117319855984
7,344,153.3142351542466
27,344,105.93125154856584
6,344,171.8183979769934
6,344,166.3145431172412
3,344,147.18604523791797
2,344,143.80573332260457
13,344,94.93112343975466
22,344,147.1895091212658
21,344,155.6399622014347
20,344,159.03840092892182
4,345,45.72256200751875
31,345,159.42695450053608
3,345,145.21850350587908
13,345,124.6799901426725
17,345,139.5792352294145
16,345,125.64870788860608
22,345,147.30320932534198
10,345,148.1844243745767
18,345,138.5267607182897
20,345,135.42989770400212
5,345,148.54585134018936
29,346,123.00552358337993
13,346,142.986011920184
8,346,163.17262961244688
8,346,167.6971843327733
8,346,172.25888241715927
12,346,117.4026986046357
19,346,142.63117466812585
15,346,167.1981963804009
31,347,134.68558253183127
23,347,123.24531191711364
29,347,108.68161653539866
3,347,125.04804791471383
2,347,127.54715353542092
2,347,168.46687149516612
17,347,151.1546110877601
22,347,162.97597378613165
37,347,143.4694132428296
8,347,162.71516694810015
12,347,139.20777130377692
5,347,151.32202386530332
24,347,113.9364471566968
19,347,75.35715950709377
27,348,94.81779593140482
3,348,159.76077519387297
3,348,134.91890958915968
9,348,163.2706291846324
9,348,149.49998467947978
9,348,161.2599050986336
12,348,152.4121791971608
11,348,105.45594947660328
5,348,155.37187107908
5,348,149.28817290009556
24,348,108.9539581559426
14,348,123.89904626186924
7,349,152.45914514207536
7,349,124.90731956785068
6,349,160.67990901813076
6,349,167.98339218677205
23,349,140.6731341875999
18,349,143.84990463706274
18,349,156.85585109758566
8,349,130.65828127205594
5,349,164.52453777124938
7,350,147.73941557688988
4,350,161.44125978144754
6,350,150.2577477340435
3,350,112.40318188773006
17,350,147.15857687544676
18,350,123.62214887900448
20,350,150.1388387549067
24,350,138.57025128973876
30,351,126.58117440587132
28,351,96.6156256048932
2,351,159.80643603933623
2,351,159.4175870026687
17,351,125.47329362841454
22,351,169.211529625658
22,351,136.92862476870965
9,351,170.0180419973304
18,351,147.87039024932022
19,351,106.79812891157512
15,351,145.19630555208482
14,351,171.459081708912
34,352,115.60374712627082
27,352,70.4135913538002
27,352,60.07306131901659
23,352,170.8777393209626
3,352,162.7908320361817
2,352,163.94156500506108
22,352,124.68999679464233
10,352,125.75202815780868
18,352,125.14470663109648
8,352,145.14451462803774
5,352,166.26573584405023
7,353,139.36188093307464
6,353,139.28893165946843
28,353,110.70077021198276
17,353,97.27131321309164
16,353,159.1973528550646
9,353,164.3633416335194
12,353,138.51752732167887
19,353,146.54977188205976
30,354,89.6936947386433
4,354,153.19788527958616
6,354,152.78192776283723
29,354,135.5489558106016
32,354,103.87367175971082
21,354,106.46422431780114
20,354,162.22953765437418
8,354,145.33256692981442
8,354,164.13012810349804
5,354,145.6030234458145
15,354,161.99364140292897
14,354,125.9700250704042
7,355,157.6216172560427
7,355,168.70855586211647
4,355,153.89937236896182
4,355,160.7140584265073
4,355,154.1617904362964
4,355,151.94755333766685
31,355,130.30637883365864
23,355,158.96618404627796
3,355,147.17612949610492
2,355,150.1344399485478
2,355,142.88692409368576
33,355,67.12859436946114
10,355,122.49602664193264
10,355,144.8872996475706
9,355,156.30571242279746
9,355,171.22894938817765
25,355,99.65124578089724
11,355,94.99194019773864
5,355,147.80690852471952
24,355,133.78678400567912
19,355,133.4306179628159
7,356,151.9571830394835
23,356,141.164460630459
3,356,128.8679098979656
3,356,48.44156630818957
13,356,112.2105505198892
33,356,84.84549509388043
9,356,159.98143348034043
32,356,132.027206831578
25,356,95.98456491468669
8,356,123.45198833001136
12,356,150.6717988464678
4,357,163.30266384168925
3,357,146.3497758656629
16,357,157.4983648628563
10,357,47.95643257406397
9,357,163.51834489183352
25,357,107.85768942447258
34,358,68.52010825906306
4,358,143.27068934608224
29,358,143.72501524460253
21,358,97.75534408787372
8,358,161.07518206097507
19,358,71.19994384902645
36,359,98.51964710307512
27,359,97.8088581627751
23,359,155.88669087150492
3,359,147.3471383836236
3,359,161.0131783328597
2,359,123.00568824341062
2,359,130.9946152704655
13,359,124.77119057987794
17,359,134.3708369459305
9,359,167.99877991509615
9,359,148.38737150118496
5,359,146.2664936969543
5,359,171.4043984242298
24,359,114.3203017146546
30,360,167.02099839721333
7,360,149.984521162091
7,360,159.9939065729875
4,360,151.73312715879445
31,360,135.20781854489883
2,360,143.74736879539782
2,360,157.7182447093296
16,360,132.4080253628322
12,360,147.47858778059606
19,360,101.75074334550943
14,360,127.22880155309042
6,361,164.40665153271746
6,361,148.1980840937268
35,361,98.19792404831192
16,361,152.98481975638654
9,361,169.84017570235892
21,361,148.1777185333285
18,361,142.18183502683638
8,361,163.5521482163177
15,361,118.70986065088094
7,362,162.76988706621216
7,362,152.7919838499774
4,362,148.64268248318498
6,362,165.4958194866488
23,362,122.25736923225531
23,362,152.44056656208951
29,362,108.11614112237687
13,362,122.11936804451966
9,362,144.94451283829778
20,362,119.1337485625212
8,362,138.036456523253
8,362,156.12550988210117
11,362,91.2060330238066
5,362,143.128023534802
30,363,120.00281026534662
7,363,144.36110290886344
4,363,168.9982080427867
3,363,172.432481670306
3,363,153.14185670190636
2,363,154.521125005034
17,363,149.57729114700643
22,363,43.78631560555681
20,363,140.973755904475
11,363,139.7131072172109
11,363,125.8434674299173
19,363,87.29051291493923
15,363,128.00440502495138
